HCO_CD,HCP_CD,DPRTMNT_CD,DPRTMNT_NM,DPRTMNT_NM_KATAKANA_FULL,AFLTN_ROLE_CD,AFLTN_ROLE_NM,AFLTN_UNVRSTY_ROLE_CD,AFLTN_UNVRSTY_ROLE_NM,DLT_FLG,EPH_REFERENCE_ID,EPH_ENTERPRISE_ID,PRIMARY_AFFILIATE_EPH_REF_ID,PRIMARY_AFFILIATE_EPH_ENT_ID,ENHANCED_ENTERPRISE_ID,ENHANCED_AFFILIATE_ENT_ID
ENTID_13881309,ENTID_12607569,2716,歯科麻酔学,ｼｶﾏｽｲｶﾞｸ,,,144,教授,N,ENTID_12607569,ENTID_130335065,ENTID_13881309,ENTID_131976401,ENTID_130335065,ENTID_131976401
ENTID_13812972,ENTID_115491324,9999,所属部科なし,ｼﾖｿﾞｸﾌﾞｶﾅｼ,,,,,N,ENTID_115491324,ENTID_130815220,ENTID_13812972,ENTID_131880884,ENTID_130815220,ENTID_131880884
ENTID_13988523,ENTID_12692859,4992,耳鼻咽喉科学,ｼﾞﾋﾞｲﾝｺｳｶｶﾞｸ,,,801,准教授,N,ENTID_12692859,ENTID_130419517,ENTID_13988523,ENTID_132111585,ENTID_130419517,ENTID_132111585
ENTID_13556317,ENTID_12637990,8340,腎泌尿器科学,ｼﾞﾝﾋﾆﾖｳｷｶｶﾞｸ,,,801,准教授,N,ENTID_12637990,ENTID_130364286,ENTID_13556317,ENTID_131559104,ENTID_130364286,ENTID_131559104
ENTID_14282506,ENTID_43663745,4930,総合診療科,ｿｳｺﾞｳｼﾝﾘﾖｳｶ,609,,,,N,ENTID_43663745,ENTID_130547821,ENTID_14282506,ENTID_132489876,ENTID_130547821,ENTID_132489876
ENTID_14282506,ENTID_12746354,1517,呼吸器外科,ｺｷﾕｳｷｹﾞｶ,501,不明,,,N,ENTID_12746354,ENTID_130472698,ENTID_14282506,ENTID_132489876,ENTID_130472698,ENTID_132489876
ENTID_13538855,ENTID_12690295,9999,所属部科なし,ｼﾖｿﾞｸﾌﾞｶﾅｼ,501,不明,,,N,ENTID_12690295,ENTID_130416117,ENTID_13538855,ENTID_131538142,ENTID_130416117,ENTID_131538142
ENTID_14271317,ENTID_12525686,9999,所属部科なし,ｼﾖｿﾞｸﾌﾞｶﾅｼ,81,所長,,,N,ENTID_12525686,ENTID_130252445,ENTID_14271317,ENTID_132471676,ENTID_130252445,ENTID_132471676
ENTID_13703124,ENTID_12596563,1100,内科,ﾅｲｶ,63,副院長,,,N,ENTID_12596563,ENTID_130322126,ENTID_13703124,ENTID_131749578,ENTID_130322126,ENTID_131749578
ENTID_14052431,ENTID_12763566,1601,整形外科,ｾｲｹｲｹﾞｶ,501,不明,,,N,ENTID_12763566,ENTID_130489844,ENTID_14052431,ENTID_132193985,ENTID_130489844,ENTID_132193985
ENTID_13513777,ENTID_97984240,9999,所属部科なし,ｼﾖｿﾞｸﾌﾞｶﾅｼ,,,,,N,ENTID_97984240,ENTID_130827905,ENTID_13513777,ENTID_131503679,ENTID_130827905,ENTID_131503679
ENTID_13612646,ENTID_97988793,9999,所属部科なし,ｼﾖｿﾞｸﾌﾞｶﾅｼ,,,,,N,ENTID_97988793,ENTID_130832600,ENTID_13612646,ENTID_131632104,ENTID_130832600,ENTID_131632104
ENTID_13765026,ENTID_12713419,9999,所属部科なし,ｼﾖｿﾞｸﾌﾞｶﾅｼ,62,院長,,,N,ENTID_12713419,ENTID_130439834,ENTID_13765026,ENTID_131817244,ENTID_130439834,ENTID_131817244
ENTID_13513465,ENTID_97986110,9999,所属部科なし,ｼﾖｿﾞｸﾌﾞｶﾅｼ,,,,,N,ENTID_97986110,ENTID_130830729,ENTID_13513465,ENTID_131504143,ENTID_130830729,ENTID_131504143
ENTID_29631862,ENTID_12557299,9999,所属部科なし,ｼﾖｿﾞｸﾌﾞｶﾅｼ,62,院長,,,N,ENTID_12557299,ENTID_130284208,ENTID_29631862,ENTID_131627304,ENTID_130284208,ENTID_131627304
ENTID_13673384,ENTID_12777008,A978,口腔ケア室,ｺｳｸｳｹｱｼﾂ,,,802,助教,N,ENTID_12777008,ENTID_130504531,ENTID_13673384,ENTID_131711290,ENTID_130504531,ENTID_131711290
ENTID_13556013,ENTID_12490135,1260,小児科,ｼﾖｳﾆｶ,162,医長,,,N,ENTID_12490135,ENTID_130217218,ENTID_13556013,ENTID_131559425,ENTID_130217218,ENTID_131559425
ENTID_14225259,ENTID_12747892,9999,所属部科なし,ｼﾖｿﾞｸﾌﾞｶﾅｼ,501,不明,,,N,ENTID_12747892,ENTID_130475102,ENTID_14225259,ENTID_132414128,ENTID_130475102,ENTID_132414128
ENTID_13602174,ENTID_12468425,1121,呼吸器内科,ｺｷﾕｳｷﾅｲｶ,501,不明,,,N,ENTID_12468425,ENTID_130195327,ENTID_13602174,ENTID_131626231,ENTID_130195327,ENTID_131626231
ENTID_13855412,ENTID_12870976,9999,所属部科なし,ｼﾖｿﾞｸﾌﾞｶﾅｼ,62,院長,,,N,ENTID_12870976,ENTID_130637911,ENTID_13855412,ENTID_131938924,ENTID_130637911,ENTID_131938924
ENTID_14291190,ENTID_12760937,2520,矯正歯科,ｷﾖｳｾｲｼｶ,,,802,助教,N,ENTID_12760937,ENTID_130486501,ENTID_14291190,ENTID_132497281,ENTID_130486501,ENTID_132497281
ENTID_31031965,ENTID_12773410,9999,所属部科なし,ｼﾖｿﾞｸﾌﾞｶﾅｼ,62,院長,,,N,ENTID_12773410,ENTID_130499853,ENTID_31031965,ENTID_131819197,ENTID_130499853,ENTID_131819197
ENTID_13857828,ENTID_12858308,9999,所属部科なし,ｼﾖｿﾞｸﾌﾞｶﾅｼ,62,院長,,,N,ENTID_12858308,ENTID_130625573,ENTID_13857828,ENTID_131943132,ENTID_130625573,ENTID_131943132
ENTID_14205387,ENTID_12764493,2417,口腔外科（病態系）,ｺｳｸｳｹﾞｶ(ﾋﾞﾖｳﾀｲｹｲ),501,不明,,,N,ENTID_12764493,ENTID_130491182,ENTID_14205387,ENTID_132389139,ENTID_130491182,ENTID_132389139
ENTID_14310709,ENTID_12867912,9999,所属部科なし,ｼﾖｿﾞｸﾌﾞｶﾅｼ,62,院長,,,N,ENTID_12867912,ENTID_130635375,ENTID_14310709,ENTID_132522601,ENTID_130635375,ENTID_132522601
ENTID_13477103,ENTID_12764873,1521,心臓血管外科,ｼﾝｿﾞｳｹﾂｶﾝｹﾞｶ,501,不明,,,N,ENTID_12764873,ENTID_130490690,ENTID_13477103,ENTID_131459777,ENTID_130490690,ENTID_131459777
ENTID_13671137,ENTID_12539459,1100,内科,ﾅｲｶ,63,副院長,,,N,ENTID_12539459,ENTID_130264602,ENTID_13671137,ENTID_131710109,ENTID_130264602,ENTID_131710109
ENTID_13884598,ENTID_12496287,9999,所属部科なし,ｼﾖｿﾞｸﾌﾞｶﾅｼ,81,所長,,,N,ENTID_12496287,ENTID_130221501,ENTID_13884598,ENTID_131978348,ENTID_130221501,ENTID_131978348
ENTID_14048542,ENTID_12768287,1141,循環器内科,ｼﾞﾕﾝｶﾝｷﾅｲｶ,162,医長,,,N,ENTID_12768287,ENTID_130494684,ENTID_14048542,ENTID_132189300,ENTID_130494684,ENTID_132189300
ENTID_13989222,ENTID_12538340,9999,所属部科なし,ｼﾖｿﾞｸﾌﾞｶﾅｼ,62,院長,,,N,ENTID_12538340,ENTID_130263449,ENTID_13989222,ENTID_132111285,ENTID_130263449,ENTID_132111285
ENTID_14175932,ENTID_12447728,1100,内科,ﾅｲｶ,501,不明,,,N,ENTID_12447728,ENTID_130175674,ENTID_14175932,ENTID_132352597,ENTID_130175674,ENTID_132352597
ENTID_13544251,ENTID_12523461,2301,麻酔科,ﾏｽｲｶ,501,不明,,,N,ENTID_12523461,ENTID_130250161,ENTID_13544251,ENTID_131544926,ENTID_130250161,ENTID_131544926
ENTID_13541210,ENTID_19185896,1110,神経内科,ｼﾝｹｲﾅｲｶ,501,不明,,,N,ENTID_19185896,ENTID_130537309,ENTID_13541210,ENTID_131541134,ENTID_130537309,ENTID_131541134
ENTID_13988523,ENTID_12708529,9999,所属部科なし,ｼﾖｿﾞｸﾌﾞｶﾅｼ,,,802,助教,N,ENTID_12708529,ENTID_130434434,ENTID_13988523,ENTID_132111585,ENTID_130434434,ENTID_132111585
ENTID_13556317,ENTID_12679949,6490,呼吸器内科学,ｺｷﾕｳｷﾅｲｶｶﾞｸ,,,146,講師,N,ENTID_12679949,ENTID_130408059,ENTID_13556317,ENTID_131559104,ENTID_130408059,ENTID_131559104
ENTID_13544970,ENTID_12361439,9999,所属部科なし,ｼﾖｿﾞｸﾌﾞｶﾅｼ,81,所長,,,N,ENTID_12361439,ENTID_130087227,ENTID_13544970,ENTID_131543212,ENTID_130087227,ENTID_131543212
ENTID_14150016,ENTID_12419830,9999,所属部科なし,ｼﾖｿﾞｸﾌﾞｶﾅｼ,62,院長,,,N,ENTID_12419830,ENTID_130143049,ENTID_14150016,ENTID_132315189,ENTID_130143049,ENTID_132315189
ENTID_13616109,ENTID_12584634,9999,所属部科なし,ｼﾖｿﾞｸﾌﾞｶﾅｼ,62,院長,,,N,ENTID_12584634,ENTID_130311225,ENTID_13616109,ENTID_131637369,ENTID_130311225,ENTID_131637369
ENTID_30920835,ENTID_12925859,9999,所属部科なし,ｼﾖｿﾞｸﾌﾞｶﾅｼ,62,院長,,,N,ENTID_12925859,ENTID_130693082,ENTID_30920835,ENTID_131532258,ENTID_130693082,ENTID_131532258
ENTID_14074084,ENTID_12728353,1100,内科,ﾅｲｶ,501,不明,,,N,ENTID_12728353,ENTID_130455048,ENTID_14074084,ENTID_132222006,ENTID_130455048,ENTID_132222006
ENTID_14369260,ENTID_12679882,6492,腎臓内科学,ｼﾞﾝｿﾞｳﾅｲｶｶﾞｸ,,,146,講師,N,ENTID_12679882,ENTID_130406743,ENTID_14369260,ENTID_132573642,ENTID_130406743,ENTID_132573642
ENTID_14137715,ENTID_19193128,A557,外科、消化器外科、乳腺外科,ｹﾞｶ.ｼﾖｳｶｷｹﾞｶ.ﾆﾕｳｾﾝｹﾞｶ,609,,,,N,ENTID_19193128,ENTID_130539274,ENTID_14137715,ENTID_132320632,ENTID_130539274,ENTID_132320632
ENTID_14137715,ENTID_12786766,1112,脳神経内科,ﾉｳｼﾝｹｲﾅｲｶ,501,不明,,,N,ENTID_12786766,ENTID_130513315,ENTID_14137715,ENTID_132320632,ENTID_130513315,ENTID_132320632
ENTID_45419750,ENTID_45418214,9999,所属部科なし,ｼﾖｿﾞｸﾌﾞｶﾅｼ,62,院長,,,N,ENTID_45418214,ENTID_130700621,ENTID_45419750,ENTID_132527430,ENTID_130700621,ENTID_132527430
ENTID_14382996,ENTID_12601533,9999,所属部科なし,ｼﾖｿﾞｸﾌﾞｶﾅｼ,62,院長,,,N,ENTID_12601533,ENTID_130327787,ENTID_14382996,ENTID_132591293,ENTID_130327787,ENTID_132591293
ENTID_13838608,ENTID_12731609,A918,脳神経血管・高次脳機能センター,ﾉｳｼﾝｹｲｹﾂｶﾝ.ｺｳｼﾞﾉｳｷﾉｳｾﾝﾀ-,162,医長,,,N,ENTID_12731609,ENTID_130458010,ENTID_13838608,ENTID_131918529,ENTID_130458010,ENTID_131918529
ENTID_14225259,ENTID_12612754,9999,所属部科なし,ｼﾖｿﾞｸﾌﾞｶﾅｼ,501,不明,,,N,ENTID_12612754,ENTID_130339804,ENTID_14225259,ENTID_132414128,ENTID_130339804,ENTID_132414128
ENTID_13602174,ENTID_147226178,9999,所属部科なし,ｼﾖｿﾞｸﾌﾞｶﾅｼ,701,研修医,,,N,ENTID_147226178,ENTID_147226178,ENTID_13602174,ENTID_131626231,ENTID_147226178,ENTID_131626231
ENTID_13602174,ENTID_12646607,1132,消化器内科,ｼﾖｳｶｷﾅｲｶ,501,不明,,,N,ENTID_12646607,ENTID_130373280,ENTID_13602174,ENTID_131626231,ENTID_130373280,ENTID_131626231
ENTID_14291190,ENTID_12778094,2419,顔面口腔外科,ｶﾞﾝﾒﾝｺｳｸｳｹﾞｶ,501,不明,,,N,ENTID_12778094,ENTID_130504138,ENTID_14291190,ENTID_132497281,ENTID_130504138,ENTID_132497281
ENTID_14291190,ENTID_130060711,2450,歯周病科,ｼｼﾕｳﾋﾞﾖｳｶ,501,不明,,,N,ENTID_130060711,ENTID_130060711,ENTID_14291190,ENTID_132497281,ENTID_130060711,ENTID_132497281
ENTID_14063785,ENTID_12983493,9999,所属部科なし,ｼﾖｿﾞｸﾌﾞｶﾅｼ,501,不明,,,N,ENTID_12983493,ENTID_130760680,ENTID_14063785,ENTID_132252134,ENTID_130760680,ENTID_132252134
ENTID_106685712,ENTID_12683896,9999,所属部科なし,ｼﾖｿﾞｸﾌﾞｶﾅｼ,62,院長,,,N,ENTID_12683896,ENTID_130410923,ENTID_106685712,ENTID_131213075,ENTID_130410923,ENTID_131213075
ENTID_13903195,ENTID_113785154,9999,所属部科なし,ｼﾖｿﾞｸﾌﾞｶﾅｼ,501,不明,,,N,ENTID_113785154,ENTID_130046769,ENTID_13903195,ENTID_132002226,ENTID_130046769,ENTID_132002226
ENTID_14042592,ENTID_12687137,1121,呼吸器内科,ｺｷﾕｳｷﾅｲｶ,501,不明,,,N,ENTID_12687137,ENTID_130413525,ENTID_14042592,ENTID_132182933,ENTID_130413525,ENTID_132182933
ENTID_14368053,ENTID_12684897,9999,所属部科なし,ｼﾖｿﾞｸﾌﾞｶﾅｼ,501,不明,,,N,ENTID_12684897,ENTID_130411472,ENTID_14368053,ENTID_132571167,ENTID_130411472,ENTID_132571167
ENTID_14267972,ENTID_12602930,1370,精神科,ｾｲｼﾝｶ,501,不明,,,N,ENTID_12602930,ENTID_130329315,ENTID_14267972,ENTID_132468004,ENTID_130329315,ENTID_132468004
ENTID_14282506,ENTID_97211535,2044,リエゾン精神科,ﾘｴｿﾞﾝｾｲｼﾝｶ,609,,,,N,ENTID_97211535,ENTID_130576564,ENTID_14282506,ENTID_132489876,ENTID_130576564,ENTID_132489876
ENTID_13916109,ENTID_12722210,6880,眼科学,ｶﾞﾝｶｶﾞｸ,,,811,診療助教,N,ENTID_12722210,ENTID_130448707,ENTID_13916109,ENTID_132020443,ENTID_130448707,ENTID_132020443
ENTID_13916109,ENTID_12691978,7040,麻酔科学,ﾏｽｲｶｶﾞｸ,,,802,助教,N,ENTID_12691978,ENTID_130418065,ENTID_13916109,ENTID_132020443,ENTID_130418065,ENTID_132020443
ENTID_13893845,ENTID_98007707,9999,所属部科なし,ｼﾖｿﾞｸﾌﾞｶﾅｼ,,,,,N,ENTID_98007707,ENTID_130851672,ENTID_13893845,ENTID_131987827,ENTID_130851672,ENTID_131987827
ENTID_14141524,ENTID_97645687,9999,所属部科なし,ｼﾖｿﾞｸﾌﾞｶﾅｼ,501,不明,,,N,ENTID_97645687,ENTID_130577031,ENTID_14141524,ENTID_132307051,ENTID_130577031,ENTID_132307051
ENTID_13532297,ENTID_12789489,8266,病態解析学,ﾋﾞﾖｳﾀｲｶｲｾｷｶﾞｸ,,,146,講師,N,ENTID_12789489,ENTID_130514510,ENTID_13532297,ENTID_131527505,ENTID_130514510,ENTID_131527505
ENTID_13907178,ENTID_12896091,9999,所属部科なし,ｼﾖｿﾞｸﾌﾞｶﾅｼ,501,不明,,,N,ENTID_12896091,ENTID_130660542,ENTID_13907178,ENTID_132007445,ENTID_130660542,ENTID_132007445
ENTID_14205565,ENTID_12501367,1480,放射線科,ﾎｳｼﾔｾﾝｶ,24,顧問,,,N,ENTID_12501367,ENTID_130223521,ENTID_14205565,ENTID_132389442,ENTID_130223521,ENTID_132389442
ENTID_14137715,ENTID_76564858,1601,整形外科,ｾｲｹｲｹﾞｶ,609,,,,N,ENTID_76564858,ENTID_130558868,ENTID_14137715,ENTID_132320632,ENTID_130558868,ENTID_132320632
ENTID_145977194,ENTID_12658252,2101,皮膚科,ﾋﾌｶ,63,副院長,,,N,ENTID_12658252,ENTID_130384380,ENTID_145977194,ENTID_145977194,ENTID_130384380,ENTID_145977194
ENTID_13738082,ENTID_127967994,7578,小児成育歯科学,ｼﾖｳﾆｾｲｲｸｼｶｶﾞｸ,501,不明,,,N,ENTID_127967994,ENTID_130058320,ENTID_13738082,ENTID_131789153,ENTID_130058320,ENTID_131789153
ENTID_13737336,ENTID_12541327,1901,眼科,ｶﾞﾝｶ,11,理事長,,,N,ENTID_12541327,ENTID_130266621,ENTID_13737336,ENTID_131787091,ENTID_130266621,ENTID_131787091
ENTID_14023270,ENTID_12630427,9999,所属部科なし,ｼﾖｿﾞｸﾌﾞｶﾅｼ,62,院長,,,N,ENTID_12630427,ENTID_130357214,ENTID_14023270,ENTID_132159023,ENTID_130357214,ENTID_132159023
ENTID_13965217,ENTID_12902074,9999,所属部科なし,ｼﾖｿﾞｸﾌﾞｶﾅｼ,62,院長,,,N,ENTID_12902074,ENTID_130666411,ENTID_13965217,ENTID_132083467,ENTID_130666411,ENTID_132083467
ENTID_13673384,ENTID_113768998,9999,所属部科なし,ｼﾖｿﾞｸﾌﾞｶﾅｼ,501,不明,,,N,ENTID_113768998,ENTID_130041740,ENTID_13673384,ENTID_131711290,ENTID_130041740,ENTID_131711290
ENTID_13844696,ENTID_12650814,1901,眼科,ｶﾞﾝｶ,62,院長,,,N,ENTID_12650814,ENTID_130375030,ENTID_13844696,ENTID_131925079,ENTID_130375030,ENTID_131925079
ENTID_13782704,ENTID_12886571,9999,所属部科なし,ｼﾖｿﾞｸﾌﾞｶﾅｼ,62,院長,,,N,ENTID_12886571,ENTID_130652959,ENTID_13782704,ENTID_131844945,ENTID_130652959,ENTID_131844945
ENTID_14289543,ENTID_12565808,9999,所属部科なし,ｼﾖｿﾞｸﾌﾞｶﾅｼ,81,所長,,,N,ENTID_12565808,ENTID_130292030,ENTID_14289543,ENTID_132498282,ENTID_130292030,ENTID_132498282
ENTID_45963413,ENTID_12675042,9999,所属部科なし,ｼﾖｿﾞｸﾌﾞｶﾅｼ,501,不明,,,N,ENTID_12675042,ENTID_130400267,ENTID_45963413,ENTID_131933335,ENTID_130400267,ENTID_131933335
ENTID_14298242,ENTID_12483432,9999,所属部科なし,ｼﾖｿﾞｸﾌﾞｶﾅｼ,62,院長,,,N,ENTID_12483432,ENTID_130209515,ENTID_14298242,ENTID_132505003,ENTID_130209515,ENTID_132505003
ENTID_13723731,ENTID_12679093,1500,外科,ｹﾞｶ,501,不明,,,N,ENTID_12679093,ENTID_130405325,ENTID_13723731,ENTID_131773005,ENTID_130405325,ENTID_131773005
ENTID_19029018,ENTID_12471393,9999,所属部科なし,ｼﾖｿﾞｸﾌﾞｶﾅｼ,62,院長,,,N,ENTID_12471393,ENTID_130197167,ENTID_19029018,ENTID_132516819,ENTID_130197167,ENTID_132516819
ENTID_14092841,ENTID_12599228,9999,所属部科なし,ｼﾖｿﾞｸﾌﾞｶﾅｼ,62,院長,,,N,ENTID_12599228,ENTID_130325639,ENTID_14092841,ENTID_132243381,ENTID_130325639,ENTID_132243381
ENTID_13525822,ENTID_12809759,9999,所属部科なし,ｼﾖｿﾞｸﾌﾞｶﾅｼ,62,院長,,,N,ENTID_12809759,ENTID_130579878,ENTID_13525822,ENTID_131518116,ENTID_130579878,ENTID_131518116
ENTID_13981010,ENTID_12685927,1520,心臓外科,ｼﾝｿﾞｳｹﾞｶ,501,不明,,,N,ENTID_12685927,ENTID_130412386,ENTID_13981010,ENTID_132103631,ENTID_130412386,ENTID_132103631
ENTID_13838265,ENTID_45744640,9999,所属部科なし,ｼﾖｿﾞｸﾌﾞｶﾅｼ,501,不明,,,N,ENTID_45744640,ENTID_130555550,ENTID_13838265,ENTID_131917821,ENTID_130555550,ENTID_131917821
ENTID_13706899,ENTID_12594212,9999,所属部科なし,ｼﾖｿﾞｸﾌﾞｶﾅｼ,62,院長,,,N,ENTID_12594212,ENTID_130320151,ENTID_13706899,ENTID_131753817,ENTID_130320151,ENTID_131753817
ENTID_13678221,ENTID_12978025,3503,薬剤科,ﾔｸｻﾞｲｶ,211,薬局長,,,N,ENTID_12978025,ENTID_130754576,ENTID_13678221,ENTID_131718240,ENTID_130754576,ENTID_131718240
ENTID_14068036,ENTID_12985801,9999,所属部科なし,ｼﾖｿﾞｸﾌﾞｶﾅｼ,501,不明,,,N,ENTID_12985801,ENTID_130763111,ENTID_14068036,ENTID_132214841,ENTID_130763111,ENTID_132214841
ENTID_13607575,ENTID_12495570,1601,整形外科,ｾｲｹｲｹﾞｶ,,,144,教授,N,ENTID_12495570,ENTID_130220427,ENTID_13607575,ENTID_131625688,ENTID_130220427,ENTID_131625688
ENTID_13820673,ENTID_12663869,2404,歯科口腔外科,ｼｶｺｳｸｳｹﾞｶ,172,部長,,,N,ENTID_12663869,ENTID_130391256,ENTID_13820673,ENTID_131898411,ENTID_130391256,ENTID_131898411
ENTID_13732993,ENTID_12975271,3503,薬剤科,ﾔｸｻﾞｲｶ,501,不明,,,N,ENTID_12975271,ENTID_130750246,ENTID_13732993,ENTID_131781407,ENTID_130750246,ENTID_131781407
ENTID_14418196,ENTID_134439386,9999,所属部科なし,ｼﾖｿﾞｸﾌﾞｶﾅｼ,,,,,N,ENTID_134439386,ENTID_134439386,ENTID_14418196,ENTID_132635766,ENTID_134439386,ENTID_132635766
ENTID_14358298,ENTID_12848836,9999,所属部科なし,ｼﾖｿﾞｸﾌﾞｶﾅｼ,62,院長,,,N,ENTID_12848836,ENTID_130616123,ENTID_14358298,ENTID_132561093,ENTID_130616123,ENTID_132561093
ENTID_14063282,ENTID_98049147,9999,所属部科なし,ｼﾖｿﾞｸﾌﾞｶﾅｼ,,,,,N,ENTID_98049147,ENTID_130893850,ENTID_14063282,ENTID_132205181,ENTID_130893850,ENTID_132205181
ENTID_13942102,ENTID_12833538,9999,所属部科なし,ｼﾖｿﾞｸﾌﾞｶﾅｼ,501,不明,,,N,ENTID_12833538,ENTID_130599224,ENTID_13942102,ENTID_132056025,ENTID_130599224,ENTID_132056025
ENTID_14257352,ENTID_12522235,4303,放射線診断科,ﾎｳｼﾔｾﾝｼﾝﾀﾞﾝｶ,501,不明,,,N,ENTID_12522235,ENTID_130248235,ENTID_14257352,ENTID_132457272,ENTID_130248235,ENTID_132457272
ENTID_13975499,ENTID_12978893,3501,薬局,ﾔﾂｷﾖｸ,501,不明,,,N,ENTID_12978893,ENTID_130755537,ENTID_13975499,ENTID_132095324,ENTID_130755537,ENTID_132095324
ENTID_13711237,ENTID_146138941,9999,所属部科なし,ｼﾖｿﾞｸﾌﾞｶﾅｼ,701,研修医,,,N,ENTID_146138941,ENTID_146138941,ENTID_13711237,ENTID_131759599,ENTID_146138941,ENTID_131759599
ENTID_13607213,ENTID_113768446,9999,所属部科なし,ｼﾖｿﾞｸﾌﾞｶﾅｼ,501,不明,,,N,ENTID_113768446,ENTID_130041160,ENTID_13607213,ENTID_131623235,ENTID_130041160,ENTID_131623235
ENTID_14295211,ENTID_12804158,0678,糖尿病・内分泌内科,ﾄｳﾆﾖｳﾋﾞﾖｳ.ﾅｲﾌﾞﾝﾋﾟﾅｲｶ,501,不明,,,N,ENTID_12804158,ENTID_130530787,ENTID_14295211,ENTID_132500685,ENTID_130530787,ENTID_132500685
ENTID_14028960,ENTID_98014330,9999,所属部科なし,ｼﾖｿﾞｸﾌﾞｶﾅｼ,,,,,N,ENTID_98014330,ENTID_130858838,ENTID_14028960,ENTID_132166148,ENTID_130858838,ENTID_132166148
ENTID_14056965,ENTID_12927967,9999,所属部科なし,ｼﾖｿﾞｸﾌﾞｶﾅｼ,501,不明,,,N,ENTID_12927967,ENTID_130695741,ENTID_14056965,ENTID_132199730,ENTID_130695741,ENTID_132199730
ENTID_13627376,ENTID_129811686,9999,所属部科なし,ｼﾖｿﾞｸﾌﾞｶﾅｼ,,,,,N,ENTID_129811686,ENTID_130826739,ENTID_13627376,ENTID_131651538,ENTID_130826739,ENTID_131651538
ENTID_14379434,ENTID_12620011,1801,産婦人科,ｻﾝﾌｼﾞﾝｶ,501,不明,,,N,ENTID_12620011,ENTID_130346058,ENTID_14379434,ENTID_132586579,ENTID_130346058,ENTID_132586579
ENTID_13838265,ENTID_12663562,1260,小児科,ｼﾖｳﾆｶ,501,不明,,,N,ENTID_12663562,ENTID_130389943,ENTID_13838265,ENTID_131917821,ENTID_130389943,ENTID_131917821
ENTID_13838265,ENTID_12806303,A444,救急科（救急総合診療部）,ｷﾕｳｷﾕｳｶ(ｷﾕｳｷﾕｳｿｳｺﾞｳｼﾝﾘﾖｳﾌﾞ),609,,,,N,ENTID_12806303,ENTID_130533996,ENTID_13838265,ENTID_131917821,ENTID_130533996,ENTID_131917821
ENTID_13838265,ENTID_88129388,9999,所属部科なし,ｼﾖｿﾞｸﾌﾞｶﾅｼ,501,不明,,,N,ENTID_88129388,ENTID_130565705,ENTID_13838265,ENTID_131917821,ENTID_130565705,ENTID_131917821
ENTID_13622015,ENTID_12546011,9999,所属部科なし,ｼﾖｿﾞｸﾌﾞｶﾅｼ,62,院長,,,N,ENTID_12546011,ENTID_130269603,ENTID_13622015,ENTID_131644044,ENTID_130269603,ENTID_131644044
ENTID_13557126,ENTID_12500853,9999,所属部科なし,ｼﾖｿﾞｸﾌﾞｶﾅｼ,63,副院長,,,N,ENTID_12500853,ENTID_130227959,ENTID_13557126,ENTID_131560032,ENTID_130227959,ENTID_131560032
ENTID_13491459,ENTID_12724073,1100,内科,ﾅｲｶ,172,部長,,,N,ENTID_12724073,ENTID_130451192,ENTID_13491459,ENTID_131475029,ENTID_130451192,ENTID_131475029
ENTID_13506808,ENTID_12908035,9999,所属部科なし,ｼﾖｿﾞｸﾌﾞｶﾅｼ,62,院長,,,N,ENTID_12908035,ENTID_130674913,ENTID_13506808,ENTID_131494106,ENTID_130674913,ENTID_131494106
ENTID_132705788,ENTID_12931668,9999,所属部科なし,ｼﾖｿﾞｸﾌﾞｶﾅｼ,62,院長,,,N,ENTID_12931668,ENTID_130693562,ENTID_132705788,ENTID_132705788,ENTID_130693562,ENTID_132705788
ENTID_13951370,ENTID_43662835,1121,呼吸器内科,ｺｷﾕｳｷﾅｲｶ,501,不明,,,N,ENTID_43662835,ENTID_130546758,ENTID_13951370,ENTID_132064431,ENTID_130546758,ENTID_132064431
ENTID_14284444,ENTID_12606304,9999,所属部科なし,ｼﾖｿﾞｸﾌﾞｶﾅｼ,501,不明,,,N,ENTID_12606304,ENTID_130333747,ENTID_14284444,ENTID_132492376,ENTID_130333747,ENTID_132492376
ENTID_13692705,ENTID_12912024,9999,所属部科なし,ｼﾖｿﾞｸﾌﾞｶﾅｼ,62,院長,,,N,ENTID_12912024,ENTID_130678400,ENTID_13692705,ENTID_131734297,ENTID_130678400,ENTID_131734297
ENTID_14156804,ENTID_12694674,9999,所属部科なし,ｼﾖｿﾞｸﾌﾞｶﾅｼ,501,不明,,,N,ENTID_12694674,ENTID_130420869,ENTID_14156804,ENTID_132322975,ENTID_130420869,ENTID_132322975
ENTID_13728124,ENTID_12719060,9999,所属部科なし,ｼﾖｿﾞｸﾌﾞｶﾅｼ,,,802,助教,N,ENTID_12719060,ENTID_130444330,ENTID_13728124,ENTID_131777280,ENTID_130444330,ENTID_131777280
ENTID_132958916,ENTID_12620988,9999,所属部科なし,ｼﾖｿﾞｸﾌﾞｶﾅｼ,62,院長,,,N,ENTID_12620988,ENTID_130347428,ENTID_132958916,ENTID_132958916,ENTID_130347428,ENTID_132958916
ENTID_13935534,ENTID_12971612,9999,所属部科なし,ｼﾖｿﾞｸﾌﾞｶﾅｼ,501,不明,,,N,ENTID_12971612,ENTID_130747951,ENTID_13935534,ENTID_132047721,ENTID_130747951,ENTID_132047721
ENTID_13532297,ENTID_12788967,2826,補綴・インプラント学,ﾎﾃﾂ.ｲﾝﾌﾟﾗﾝﾄｶﾞｸ,,,148,非講師,N,ENTID_12788967,ENTID_130514569,ENTID_13532297,ENTID_131527505,ENTID_130514569,ENTID_131527505
ENTID_14137715,ENTID_12628812,1128,血液・腫瘍内科,ｹﾂｴｷ.ｼﾕﾖｳﾅｲｶ,172,部長,,,N,ENTID_12628812,ENTID_130355621,ENTID_14137715,ENTID_132320632,ENTID_130355621,ENTID_132320632
ENTID_14137715,ENTID_147038424,9999,所属部科なし,ｼﾖｿﾞｸﾌﾞｶﾅｼ,501,不明,,,N,ENTID_147038424,ENTID_147038424,ENTID_14137715,ENTID_132320632,ENTID_147038424,ENTID_132320632
ENTID_14068822,ENTID_12600649,1500,外科,ｹﾞｶ,63,副院長,,,N,ENTID_12600649,ENTID_130326790,ENTID_14068822,ENTID_132216108,ENTID_130326790,ENTID_132216108
ENTID_14258041,ENTID_12537966,2001,耳鼻咽喉科,ｼﾞﾋﾞｲﾝｺｳｶ,172,部長,,,N,ENTID_12537966,ENTID_130260965,ENTID_14258041,ENTID_132458125,ENTID_130260965,ENTID_132458125
ENTID_146105043,ENTID_146172743,9999,所属部科なし,ｼﾖｿﾞｸﾌﾞｶﾅｼ,,,,,N,ENTID_146172743,ENTID_146172743,ENTID_146105043,ENTID_146105043,ENTID_146172743,ENTID_146105043
ENTID_14258941,ENTID_12453021,9999,所属部科なし,ｼﾖｿﾞｸﾌﾞｶﾅｼ,62,院長,,,N,ENTID_12453021,ENTID_130175973,ENTID_14258941,ENTID_132458757,ENTID_130175973,ENTID_132458757
ENTID_14291190,ENTID_147476911,9999,所属部科なし,ｼﾖｿﾞｸﾌﾞｶﾅｼ,701,研修医,,,N,ENTID_147476911,ENTID_147476911,ENTID_14291190,ENTID_132497281,ENTID_147476911,ENTID_132497281
ENTID_14291190,ENTID_106119487,7949,歯内治療科,ｼﾅｲﾁﾘﾖｳｶ,501,不明,,,N,ENTID_106119487,ENTID_130037918,ENTID_14291190,ENTID_132497281,ENTID_130037918,ENTID_132497281
ENTID_13541503,ENTID_12411382,9999,所属部科なし,ｼﾖｿﾞｸﾌﾞｶﾅｼ,501,不明,,,N,ENTID_12411382,ENTID_130137569,ENTID_13541503,ENTID_131540233,ENTID_130137569,ENTID_131540233
ENTID_13859066,ENTID_114051501,9999,所属部科なし,ｼﾖｿﾞｸﾌﾞｶﾅｼ,501,不明,,,N,ENTID_114051501,ENTID_130084401,ENTID_13859066,ENTID_131942647,ENTID_130084401,ENTID_131942647
ENTID_14042592,ENTID_12720583,1260,小児科,ｼﾖｳﾆｶ,162,医長,,,N,ENTID_12720583,ENTID_130447368,ENTID_14042592,ENTID_132182933,ENTID_130447368,ENTID_132182933
ENTID_119917687,ENTID_12683440,1237,糖尿病内科,ﾄｳﾆﾖｳﾋﾞﾖｳﾅｲｶ,162,医長,,,N,ENTID_12683440,ENTID_130409044,ENTID_119917687,ENTID_131200164,ENTID_130409044,ENTID_131200164
ENTID_13583051,ENTID_12897609,9999,所属部科なし,ｼﾖｿﾞｸﾌﾞｶﾅｼ,501,不明,,,N,ENTID_12897609,ENTID_130664237,ENTID_13583051,ENTID_131590240,ENTID_130664237,ENTID_131590240
ENTID_96223684,ENTID_98058041,9999,所属部科なし,ｼﾖｿﾞｸﾌﾞｶﾅｼ,,,,,N,ENTID_98058041,ENTID_130902719,ENTID_96223684,ENTID_132291190,ENTID_130902719,ENTID_132291190
ENTID_13820673,ENTID_146043679,9999,所属部科なし,ｼﾖｿﾞｸﾌﾞｶﾅｼ,501,不明,,,N,ENTID_146043679,ENTID_146043679,ENTID_13820673,ENTID_131898411,ENTID_146043679,ENTID_131898411
ENTID_13485150,ENTID_12736881,9999,所属部科なし,ｼﾖｿﾞｸﾌﾞｶﾅｼ,501,不明,,,N,ENTID_12736881,ENTID_130463472,ENTID_13485150,ENTID_131466844,ENTID_130463472,ENTID_131466844
ENTID_13602337,ENTID_12626944,9999,所属部科なし,ｼﾖｿﾞｸﾌﾞｶﾅｼ,81,所長,,,N,ENTID_12626944,ENTID_130352744,ENTID_13602337,ENTID_131620844,ENTID_130352744,ENTID_131620844
ENTID_13530185,ENTID_12431210,9999,所属部科なし,ｼﾖｿﾞｸﾌﾞｶﾅｼ,501,不明,,,N,ENTID_12431210,ENTID_130156586,ENTID_13530185,ENTID_131527240,ENTID_130156586,ENTID_131527240
ENTID_14251258,ENTID_95324289,3502,薬剤部,ﾔｸｻﾞｲﾌﾞ,501,不明,,,N,ENTID_95324289,ENTID_130792201,ENTID_14251258,ENTID_132449772,ENTID_130792201,ENTID_132449772
ENTID_13952136,ENTID_106175576,9999,所属部科なし,ｼﾖｿﾞｸﾌﾞｶﾅｼ,501,不明,,,N,ENTID_106175576,ENTID_130038284,ENTID_13952136,ENTID_132066388,ENTID_130038284,ENTID_132066388
ENTID_13951370,ENTID_87956228,9999,所属部科なし,ｼﾖｿﾞｸﾌﾞｶﾅｼ,501,不明,,,N,ENTID_87956228,ENTID_130563899,ENTID_13951370,ENTID_132064431,ENTID_130563899,ENTID_132064431
ENTID_111400275,ENTID_111501687,9999,所属部科なし,ｼﾖｿﾞｸﾌﾞｶﾅｼ,,,,,N,ENTID_111501687,ENTID_130810810,ENTID_111400275,ENTID_131441804,ENTID_130810810,ENTID_131441804
ENTID_13556317,ENTID_12689139,5052,小児科学,ｼﾖｳﾆｶｶﾞｸ,501,不明,,,N,ENTID_12689139,ENTID_130416160,ENTID_13556317,ENTID_131559104,ENTID_130416160,ENTID_131559104
ENTID_13526734,ENTID_117340119,9999,所属部科なし,ｼﾖｿﾞｸﾌﾞｶﾅｼ,501,不明,,,N,ENTID_117340119,ENTID_130050274,ENTID_13526734,ENTID_131524113,ENTID_130050274,ENTID_131524113
ENTID_14282506,ENTID_45065622,1260,小児科,ｼﾖｳﾆｶ,501,不明,,,N,ENTID_45065622,ENTID_130553329,ENTID_14282506,ENTID_132489876,ENTID_130553329,ENTID_132489876
ENTID_14282506,ENTID_114226632,1601,整形外科,ｾｲｹｲｹﾞｶ,501,不明,,,N,ENTID_114226632,ENTID_130048440,ENTID_14282506,ENTID_132489876,ENTID_130048440,ENTID_132489876
ENTID_13703124,ENTID_12710076,4360,脊椎センター,ｾｷﾂｲｾﾝﾀ-,102,副センター長,,,N,ENTID_12710076,ENTID_130436087,ENTID_13703124,ENTID_131749578,ENTID_130436087,ENTID_131749578
ENTID_14061058,ENTID_98018089,9999,所属部科なし,ｼﾖｿﾞｸﾌﾞｶﾅｼ,,,,,N,ENTID_98018089,ENTID_130862552,ENTID_14061058,ENTID_132203782,ENTID_130862552,ENTID_132203782
ENTID_14223040,ENTID_12766526,1100,内科,ﾅｲｶ,501,不明,,,N,ENTID_12766526,ENTID_130493122,ENTID_14223040,ENTID_132411878,ENTID_130493122,ENTID_132411878
ENTID_13916109,ENTID_12803551,6880,眼科学,ｶﾞﾝｶｶﾞｸ,,,148,非講師,N,ENTID_12803551,ENTID_130530127,ENTID_13916109,ENTID_132020443,ENTID_130530127,ENTID_132020443
ENTID_14372771,ENTID_12788542,9999,所属部科なし,ｼﾖｿﾞｸﾌﾞｶﾅｼ,501,不明,,,N,ENTID_12788542,ENTID_130515399,ENTID_14372771,ENTID_132575677,ENTID_130515399,ENTID_132575677
ENTID_31081573,ENTID_98050003,9999,所属部科なし,ｼﾖｿﾞｸﾌﾞｶﾅｼ,,,,,N,ENTID_98050003,ENTID_130894539,ENTID_31081573,ENTID_132149754,ENTID_130894539,ENTID_132149754
ENTID_13869732,ENTID_155858606,9999,所属部科なし,ｼﾖｿﾞｸﾌﾞｶﾅｼ,,,,,N,ENTID_155858606,ENTID_155858606,ENTID_13869732,ENTID_131958876,ENTID_155858606,ENTID_131958876
ENTID_14381519,ENTID_12576994,1141,循環器内科,ｼﾞﾕﾝｶﾝｷﾅｲｶ,501,不明,,,N,ENTID_12576994,ENTID_130303093,ENTID_14381519,ENTID_132589549,ENTID_130303093,ENTID_132589549
ENTID_13485294,ENTID_12750379,6660,皮膚科学,ﾋﾌｶｶﾞｸ,501,不明,,,N,ENTID_12750379,ENTID_130476507,ENTID_13485294,ENTID_131468313,ENTID_130476507,ENTID_131468313
ENTID_13673384,ENTID_12709002,1480,放射線科,ﾎｳｼﾔｾﾝｶ,,,147,助手,N,ENTID_12709002,ENTID_130433905,ENTID_13673384,ENTID_131711290,ENTID_130433905,ENTID_131711290
ENTID_13673384,ENTID_105459690,9999,所属部科なし,ｼﾖｿﾞｸﾌﾞｶﾅｼ,501,不明,,,N,ENTID_105459690,ENTID_130032224,ENTID_13673384,ENTID_131711290,ENTID_130032224,ENTID_131711290
ENTID_13586074,ENTID_44907012,1601,整形外科,ｾｲｹｲｹﾞｶ,501,不明,,,N,ENTID_44907012,ENTID_130549425,ENTID_13586074,ENTID_131598111,ENTID_130549425,ENTID_131598111
ENTID_14070335,ENTID_12473396,9999,所属部科なし,ｼﾖｿﾞｸﾌﾞｶﾅｼ,501,不明,,,N,ENTID_12473396,ENTID_130199879,ENTID_14070335,ENTID_132216436,ENTID_130199879,ENTID_132216436
ENTID_14225259,ENTID_12548057,8883,脳神経内科学,ﾉｳｼﾝｹｲﾅｲｶｶﾞｸ,,,144,教授,N,ENTID_12548057,ENTID_130274871,ENTID_14225259,ENTID_132414128,ENTID_130274871,ENTID_132414128
ENTID_13681315,ENTID_12607600,9999,所属部科なし,ｼﾖｿﾞｸﾌﾞｶﾅｼ,501,不明,,,N,ENTID_12607600,ENTID_130335010,ENTID_13681315,ENTID_131723639,ENTID_130335010,ENTID_131723639
ENTID_13550299,ENTID_97984440,9999,所属部科なし,ｼﾖｿﾞｸﾌﾞｶﾅｼ,,,,,N,ENTID_97984440,ENTID_130829196,ENTID_13550299,ENTID_131552239,ENTID_130829196,ENTID_131552239
ENTID_13960042,ENTID_12589778,9999,所属部科なし,ｼﾖｿﾞｸﾌﾞｶﾅｼ,62,院長,,,N,ENTID_12589778,ENTID_130314608,ENTID_13960042,ENTID_132076557,ENTID_130314608,ENTID_132076557
ENTID_14063785,ENTID_12795703,4930,総合診療科,ｿｳｺﾞｳｼﾝﾘﾖｳｶ,501,不明,,,N,ENTID_12795703,ENTID_130520600,ENTID_14063785,ENTID_132252134,ENTID_130520600,ENTID_132252134
ENTID_14063785,ENTID_12762036,1517,呼吸器外科,ｺｷﾕｳｷｹﾞｶ,163,副医長,,,N,ENTID_12762036,ENTID_130489366,ENTID_14063785,ENTID_132252134,ENTID_130489366,ENTID_132252134
ENTID_13686045,ENTID_12860632,9999,所属部科なし,ｼﾖｿﾞｸﾌﾞｶﾅｼ,62,院長,,,N,ENTID_12860632,ENTID_130628344,ENTID_13686045,ENTID_131728126,ENTID_130628344,ENTID_131728126
ENTID_13981010,ENTID_12685853,1132,消化器内科,ｼﾖｳｶｷﾅｲｶ,153,副医局長,,,N,ENTID_12685853,ENTID_130411944,ENTID_13981010,ENTID_132103631,ENTID_130411944,ENTID_132103631
ENTID_13710770,ENTID_12943225,3501,薬局,ﾔﾂｷﾖｸ,211,薬局長,,,N,ENTID_12943225,ENTID_130721234,ENTID_13710770,ENTID_131758645,ENTID_130721234,ENTID_131758645
ENTID_13781561,ENTID_12873380,9999,所属部科なし,ｼﾖｿﾞｸﾌﾞｶﾅｼ,62,院長,,,N,ENTID_12873380,ENTID_130640254,ENTID_13781561,ENTID_131841825,ENTID_130640254,ENTID_131841825
ENTID_14194785,ENTID_12473743,9999,所属部科なし,ｼﾖｿﾞｸﾌﾞｶﾅｼ,81,所長,,,N,ENTID_12473743,ENTID_130201680,ENTID_14194785,ENTID_132376972,ENTID_130201680,ENTID_132376972
ENTID_14175932,ENTID_12518703,9999,所属部科なし,ｼﾖｿﾞｸﾌﾞｶﾅｼ,501,不明,,,N,ENTID_12518703,ENTID_130244707,ENTID_14175932,ENTID_132352597,ENTID_130244707,ENTID_132352597
ENTID_13530188,ENTID_12556076,9999,所属部科なし,ｼﾖｿﾞｸﾌﾞｶﾅｼ,62,院長,,,N,ENTID_12556076,ENTID_130282804,ENTID_13530188,ENTID_131527197,ENTID_130282804,ENTID_131527197
ENTID_13952136,ENTID_96089295,2201,泌尿器科,ﾋﾆﾖｳｷｶ,501,不明,,,N,ENTID_96089295,ENTID_130571957,ENTID_13952136,ENTID_132066388,ENTID_130571957,ENTID_132066388
ENTID_13988523,ENTID_12763995,6492,腎臓内科学,ｼﾞﾝｿﾞｳﾅｲｶｶﾞｸ,501,不明,,,N,ENTID_12763995,ENTID_130489578,ENTID_13988523,ENTID_132111585,ENTID_130489578,ENTID_132111585
ENTID_13556317,ENTID_12646351,9057,皮膚科学・形成外科学,ﾋﾌｶｶﾞｸ.ｹｲｾｲｹﾞｶｶﾞｸ,,,802,助教,N,ENTID_12646351,ENTID_130373209,ENTID_13556317,ENTID_131559104,ENTID_130373209,ENTID_131559104
ENTID_13556317,ENTID_12678155,9057,皮膚科学・形成外科学,ﾋﾌｶｶﾞｸ.ｹｲｾｲｹﾞｶｶﾞｸ,,,802,助教,N,ENTID_12678155,ENTID_130404949,ENTID_13556317,ENTID_131559104,ENTID_130404949,ENTID_131559104
ENTID_14284444,ENTID_12512602,9999,所属部科なし,ｼﾖｿﾞｸﾌﾞｶﾅｼ,501,不明,,,N,ENTID_12512602,ENTID_130238272,ENTID_14284444,ENTID_132492376,ENTID_130238272,ENTID_132492376
ENTID_13596727,ENTID_12899155,9999,所属部科なし,ｼﾖｿﾞｸﾌﾞｶﾅｼ,62,院長,,,N,ENTID_12899155,ENTID_130665454,ENTID_13596727,ENTID_131611201,ENTID_130665454,ENTID_131611201
ENTID_13893959,ENTID_12585693,1132,消化器内科,ｼﾖｳｶｷﾅｲｶ,501,不明,,,N,ENTID_12585693,ENTID_130312835,ENTID_13893959,ENTID_131992788,ENTID_130312835,ENTID_131992788
ENTID_13897848,ENTID_12721398,1901,眼科,ｶﾞﾝｶ,501,不明,,,N,ENTID_12721398,ENTID_130447919,ENTID_13897848,ENTID_131995053,ENTID_130447919,ENTID_131995053
ENTID_14308367,ENTID_12849089,9999,所属部科なし,ｼﾖｿﾞｸﾌﾞｶﾅｼ,501,不明,,,N,ENTID_12849089,ENTID_130615429,ENTID_14308367,ENTID_132520592,ENTID_130615429,ENTID_132520592
ENTID_14172164,ENTID_12590616,9999,所属部科なし,ｼﾖｿﾞｸﾌﾞｶﾅｼ,501,不明,,,N,ENTID_12590616,ENTID_130316565,ENTID_14172164,ENTID_132349087,ENTID_130316565,ENTID_132349087
ENTID_13755678,ENTID_12510762,1132,消化器内科,ｼﾖｳｶｷﾅｲｶ,62,院長,,,N,ENTID_12510762,ENTID_130237274,ENTID_13755678,ENTID_131818788,ENTID_130237274,ENTID_131818788
ENTID_13560576,ENTID_12906804,9999,所属部科なし,ｼﾖｿﾞｸﾌﾞｶﾅｼ,62,院長,,,N,ENTID_12906804,ENTID_130670639,ENTID_13560576,ENTID_131564410,ENTID_130670639,ENTID_131564410
ENTID_13741732,ENTID_12792744,9999,所属部科なし,ｼﾖｿﾞｸﾌﾞｶﾅｼ,501,不明,,,N,ENTID_12792744,ENTID_130519449,ENTID_13741732,ENTID_131792378,ENTID_130519449,ENTID_131792378
ENTID_112040689,ENTID_12771713,9999,所属部科なし,ｼﾖｿﾞｸﾌﾞｶﾅｼ,62,院長,,,N,ENTID_12771713,ENTID_130497969,ENTID_112040689,ENTID_131208856,ENTID_130497969,ENTID_131208856
ENTID_13996425,ENTID_12645200,9999,所属部科なし,ｼﾖｿﾞｸﾌﾞｶﾅｼ,501,不明,,,N,ENTID_12645200,ENTID_130371067,ENTID_13996425,ENTID_132121511,ENTID_130371067,ENTID_132121511
ENTID_14240337,ENTID_12476959,9999,所属部科なし,ｼﾖｿﾞｸﾌﾞｶﾅｼ,501,不明,,,N,ENTID_12476959,ENTID_130202571,ENTID_14240337,ENTID_132433280,ENTID_130202571,ENTID_132433280
ENTID_14275822,ENTID_12540545,2001,耳鼻咽喉科,ｼﾞﾋﾞｲﾝｺｳｶ,501,不明,,,N,ENTID_12540545,ENTID_130265937,ENTID_14275822,ENTID_132481059,ENTID_130265937,ENTID_132481059
ENTID_14068822,ENTID_113772672,1500,外科,ｹﾞｶ,501,不明,,,N,ENTID_113772672,ENTID_130046048,ENTID_14068822,ENTID_132216108,ENTID_130046048,ENTID_132216108
ENTID_14068822,ENTID_12989701,9999,所属部科なし,ｼﾖｿﾞｸﾌﾞｶﾅｼ,501,不明,,,N,ENTID_12989701,ENTID_130766605,ENTID_14068822,ENTID_132216108,ENTID_130766605,ENTID_132216108
ENTID_14144201,ENTID_12431126,9999,所属部科なし,ｼﾖｿﾞｸﾌﾞｶﾅｼ,62,院長,,,N,ENTID_12431126,ENTID_130158454,ENTID_14144201,ENTID_132309721,ENTID_130158454,ENTID_132309721
ENTID_13602646,ENTID_12983469,3501,薬局,ﾔﾂｷﾖｸ,501,不明,,,N,ENTID_12983469,ENTID_130760670,ENTID_13602646,ENTID_131621076,ENTID_130760670,ENTID_131621076
ENTID_14206032,ENTID_12431897,9999,所属部科なし,ｼﾖｿﾞｸﾌﾞｶﾅｼ,62,院長,,,N,ENTID_12431897,ENTID_130157728,ENTID_14206032,ENTID_132389711,ENTID_130157728,ENTID_132389711
ENTID_13673384,ENTID_96186200,9999,所属部科なし,ｼﾖｿﾞｸﾌﾞｶﾅｼ,501,不明,,,N,ENTID_96186200,ENTID_130572636,ENTID_13673384,ENTID_131711290,ENTID_130572636,ENTID_131711290
ENTID_14210053,ENTID_12842636,9999,所属部科なし,ｼﾖｿﾞｸﾌﾞｶﾅｼ,62,院長,,,N,ENTID_12842636,ENTID_130610206,ENTID_14210053,ENTID_132396140,ENTID_130610206,ENTID_132396140
ENTID_13719038,ENTID_105460825,9999,所属部科なし,ｼﾖｿﾞｸﾌﾞｶﾅｼ,501,不明,,,N,ENTID_105460825,ENTID_130034181,ENTID_13719038,ENTID_131768014,ENTID_130034181,ENTID_131768014
ENTID_14196631,ENTID_12413860,1100,内科,ﾅｲｶ,501,不明,,,N,ENTID_12413860,ENTID_130142246,ENTID_14196631,ENTID_132378564,ENTID_130142246,ENTID_132378564
ENTID_13723731,ENTID_12765389,1256,消化器・肝臓内科,ｼﾖｳｶｷ.ｶﾝｿﾞｳﾅｲｶ,,,802,助教,N,ENTID_12765389,ENTID_130491913,ENTID_13723731,ENTID_131773005,ENTID_130491913,ENTID_131773005
ENTID_13551726,ENTID_97985401,9999,所属部科なし,ｼﾖｿﾞｸﾌﾞｶﾅｼ,,,,,N,ENTID_97985401,ENTID_130830416,ENTID_13551726,ENTID_131552732,ENTID_130830416,ENTID_131552732
ENTID_14063785,ENTID_146728471,9999,所属部科なし,ｼﾖｿﾞｸﾌﾞｶﾅｼ,701,研修医,,,N,ENTID_146728471,ENTID_146728471,ENTID_14063785,ENTID_132252134,ENTID_146728471,ENTID_132252134
ENTID_14292075,ENTID_12652266,1260,小児科,ｼﾖｳﾆｶ,501,不明,,,N,ENTID_12652266,ENTID_130380899,ENTID_14292075,ENTID_132498519,ENTID_130380899,ENTID_132498519
ENTID_13880618,ENTID_12587894,1100,内科,ﾅｲｶ,501,不明,,,N,ENTID_12587894,ENTID_130314217,ENTID_13880618,ENTID_131980484,ENTID_130314217,ENTID_131980484
ENTID_111155927,ENTID_12751187,9999,所属部科なし,ｼﾖｿﾞｸﾌﾞｶﾅｼ,62,院長,,,N,ENTID_12751187,ENTID_130478051,ENTID_111155927,ENTID_131213737,ENTID_130478051,ENTID_131213737
ENTID_14370136,ENTID_12494721,9999,所属部科なし,ｼﾖｿﾞｸﾌﾞｶﾅｼ,62,院長,,,N,ENTID_12494721,ENTID_130221270,ENTID_14370136,ENTID_132572891,ENTID_130221270,ENTID_132572891
ENTID_14284173,ENTID_134052777,9999,所属部科なし,ｼﾖｿﾞｸﾌﾞｶﾅｼ,501,不明,,,N,ENTID_134052777,ENTID_134052777,ENTID_14284173,ENTID_132491821,ENTID_134052777,ENTID_132491821
ENTID_13986384,ENTID_12513135,9999,所属部科なし,ｼﾖｿﾞｸﾌﾞｶﾅｼ,62,院長,,,N,ENTID_12513135,ENTID_130238851,ENTID_13986384,ENTID_132110023,ENTID_130238851,ENTID_132110023
ENTID_14083264,ENTID_12607308,9999,所属部科なし,ｼﾖｿﾞｸﾌﾞｶﾅｼ,501,不明,,,N,ENTID_12607308,ENTID_130333317,ENTID_14083264,ENTID_132231600,ENTID_130333317,ENTID_132231600
ENTID_13610536,ENTID_12861092,9999,所属部科なし,ｼﾖｿﾞｸﾌﾞｶﾅｼ,501,不明,,,N,ENTID_12861092,ENTID_130627192,ENTID_13610536,ENTID_131628927,ENTID_130627192,ENTID_131628927
ENTID_14183401,ENTID_12500291,1500,外科,ｹﾞｶ,62,院長,,,N,ENTID_12500291,ENTID_130227892,ENTID_14183401,ENTID_132361930,ENTID_130227892,ENTID_132361930
ENTID_13926147,ENTID_12659736,9999,所属部科なし,ｼﾖｿﾞｸﾌﾞｶﾅｼ,81,所長,,,N,ENTID_12659736,ENTID_130386199,ENTID_13926147,ENTID_132030077,ENTID_130386199,ENTID_132030077
ENTID_14400037,ENTID_13003952,3502,薬剤部,ﾔｸｻﾞｲﾌﾞ,501,不明,,,N,ENTID_13003952,ENTID_130779126,ENTID_14400037,ENTID_132613678,ENTID_130779126,ENTID_132613678
ENTID_14101363,ENTID_12854328,9999,所属部科なし,ｼﾖｿﾞｸﾌﾞｶﾅｼ,501,不明,,,N,ENTID_12854328,ENTID_130621943,ENTID_14101363,ENTID_132255888,ENTID_130621943,ENTID_132255888
ENTID_13932172,ENTID_12858558,9999,所属部科なし,ｼﾖｿﾞｸﾌﾞｶﾅｼ,62,院長,,,N,ENTID_12858558,ENTID_130626319,ENTID_13932172,ENTID_132039207,ENTID_130626319,ENTID_132039207
ENTID_14251232,ENTID_134880149,3503,薬剤科,ﾔｸｻﾞｲｶ,501,不明,,,N,ENTID_134880149,ENTID_134880149,ENTID_14251232,ENTID_132452687,ENTID_134880149,ENTID_132452687
ENTID_13526734,ENTID_12654900,2401,歯科,ｼｶ,501,不明,,,N,ENTID_12654900,ENTID_130381700,ENTID_13526734,ENTID_131524113,ENTID_130381700,ENTID_131524113
ENTID_13538855,ENTID_43677376,9999,所属部科なし,ｼﾖｿﾞｸﾌﾞｶﾅｼ,501,不明,,,N,ENTID_43677376,ENTID_130548514,ENTID_13538855,ENTID_131538142,ENTID_130548514,ENTID_131538142
ENTID_14262382,ENTID_12923582,9999,所属部科なし,ｼﾖｿﾞｸﾌﾞｶﾅｼ,501,不明,,,N,ENTID_12923582,ENTID_130691523,ENTID_14262382,ENTID_132463359,ENTID_130691523,ENTID_132463359
ENTID_13992841,ENTID_87660892,9999,所属部科なし,ｼﾖｿﾞｸﾌﾞｶﾅｼ,501,不明,,,N,ENTID_87660892,ENTID_130562476,ENTID_13992841,ENTID_132115094,ENTID_130562476,ENTID_132115094
ENTID_13744092,ENTID_12733179,9999,所属部科なし,ｼﾖｿﾞｸﾌﾞｶﾅｼ,62,院長,,,N,ENTID_12733179,ENTID_130459744,ENTID_13744092,ENTID_131793970,ENTID_130459744,ENTID_131793970
ENTID_14295712,ENTID_12420834,9999,所属部科なし,ｼﾖｿﾞｸﾌﾞｶﾅｼ,62,院長,,,N,ENTID_12420834,ENTID_130146165,ENTID_14295712,ENTID_132502576,ENTID_130146165,ENTID_132502576
ENTID_14108341,ENTID_98429441,9999,所属部科なし,ｼﾖｿﾞｸﾌﾞｶﾅｼ,501,不明,,,N,ENTID_98429441,ENTID_130705053,ENTID_14108341,ENTID_132262851,ENTID_130705053,ENTID_132262851
ENTID_14150344,ENTID_12458108,9999,所属部科なし,ｼﾖｿﾞｸﾌﾞｶﾅｼ,62,院長,,,N,ENTID_12458108,ENTID_130184309,ENTID_14150344,ENTID_132316222,ENTID_130184309,ENTID_132316222
ENTID_19035897,ENTID_12926729,9999,所属部科なし,ｼﾖｿﾞｸﾌﾞｶﾅｼ,62,院長,,,N,ENTID_12926729,ENTID_130693476,ENTID_19035897,ENTID_131997944,ENTID_130693476,ENTID_131997944
ENTID_14099324,ENTID_12679436,9999,所属部科なし,ｼﾖｿﾞｸﾌﾞｶﾅｼ,62,院長,,,N,ENTID_12679436,ENTID_130404480,ENTID_14099324,ENTID_132250322,ENTID_130404480,ENTID_132250322
ENTID_13551703,ENTID_121413997,9999,所属部科なし,ｼﾖｿﾞｸﾌﾞｶﾅｼ,,,,,N,ENTID_121413997,ENTID_130821700,ENTID_13551703,ENTID_131552399,ENTID_130821700,ENTID_131552399
ENTID_13983246,ENTID_12799999,2101,皮膚科,ﾋﾌｶ,501,不明,,,N,ENTID_12799999,ENTID_130526546,ENTID_13983246,ENTID_132105402,ENTID_130526546,ENTID_132105402
ENTID_13673384,ENTID_76514563,1901,眼科,ｶﾞﾝｶ,501,不明,,,N,ENTID_76514563,ENTID_130557122,ENTID_13673384,ENTID_131711290,ENTID_130557122,ENTID_131711290
ENTID_13838608,ENTID_12446180,2001,耳鼻咽喉科,ｼﾞﾋﾞｲﾝｺｳｶ,63,副院長,,,N,ENTID_12446180,ENTID_130170766,ENTID_13838608,ENTID_131918529,ENTID_130170766,ENTID_131918529
ENTID_48715234,ENTID_12661663,9999,所属部科なし,ｼﾖｿﾞｸﾌﾞｶﾅｼ,501,不明,,,N,ENTID_12661663,ENTID_130387223,ENTID_48715234,ENTID_132253513,ENTID_130387223,ENTID_132253513
ENTID_117147594,ENTID_12680484,9999,所属部科なし,ｼﾖｿﾞｸﾌﾞｶﾅｼ,62,院長,,,N,ENTID_12680484,ENTID_130406618,ENTID_117147594,ENTID_136596186,ENTID_130406618,ENTID_136596186
ENTID_31067424,ENTID_12748413,1100,内科,ﾅｲｶ,501,不明,,,N,ENTID_12748413,ENTID_130475651,ENTID_31067424,ENTID_131676984,ENTID_130475651,ENTID_131676984
ENTID_14241958,ENTID_12538075,9999,所属部科なし,ｼﾖｿﾞｸﾌﾞｶﾅｼ,62,院長,,,N,ENTID_12538075,ENTID_130263313,ENTID_14241958,ENTID_132437248,ENTID_130263313,ENTID_132437248
ENTID_14112286,ENTID_12927957,9999,所属部科なし,ｼﾖｿﾞｸﾌﾞｶﾅｼ,501,不明,,,N,ENTID_12927957,ENTID_130695807,ENTID_14112286,ENTID_132268011,ENTID_130695807,ENTID_132268011
ENTID_14042592,ENTID_12646100,2301,麻酔科,ﾏｽｲｶ,172,部長,,,N,ENTID_12646100,ENTID_130372251,ENTID_14042592,ENTID_132182933,ENTID_130372251,ENTID_132182933
ENTID_13922883,ENTID_12640382,1601,整形外科,ｾｲｹｲｹﾞｶ,501,不明,,,N,ENTID_12640382,ENTID_130365729,ENTID_13922883,ENTID_132030210,ENTID_130365729,ENTID_132030210
ENTID_14412862,ENTID_12556553,1100,内科,ﾅｲｶ,63,副院長,,,N,ENTID_12556553,ENTID_130283148,ENTID_14412862,ENTID_132628912,ENTID_130283148,ENTID_132628912
ENTID_13952136,ENTID_12740367,1141,循環器内科,ｼﾞﾕﾝｶﾝｷﾅｲｶ,162,医長,,,N,ENTID_12740367,ENTID_130466989,ENTID_13952136,ENTID_132066388,ENTID_130466989,ENTID_132066388
ENTID_13952136,ENTID_12541582,2301,麻酔科,ﾏｽｲｶ,101,センター長,,,N,ENTID_12541582,ENTID_130267744,ENTID_13952136,ENTID_132066388,ENTID_130267744,ENTID_132066388
ENTID_14392559,ENTID_12857600,9999,所属部科なし,ｼﾖｿﾞｸﾌﾞｶﾅｼ,501,不明,,,N,ENTID_12857600,ENTID_130623240,ENTID_14392559,ENTID_132604849,ENTID_130623240,ENTID_132604849
ENTID_13916109,ENTID_12651087,6790,整形外科学,ｾｲｹｲｹﾞｶｶﾞｸ,,,146,講師,N,ENTID_12651087,ENTID_130375920,ENTID_13916109,ENTID_132020443,ENTID_130375920,ENTID_132020443
ENTID_19127143,ENTID_12505203,9999,所属部科なし,ｼﾖｿﾞｸﾌﾞｶﾅｼ,501,不明,,,N,ENTID_12505203,ENTID_130232101,ENTID_19127143,ENTID_132323649,ENTID_130232101,ENTID_132323649
ENTID_13485294,ENTID_12553393,6142,細胞薬理学,ｻｲﾎﾞｳﾔｸﾘｶﾞｸ,,,147,助手,N,ENTID_12553393,ENTID_130280344,ENTID_13485294,ENTID_131468313,ENTID_130280344,ENTID_131468313
ENTID_14034636,ENTID_12715741,1601,整形外科,ｾｲｹｲｹﾞｶ,501,不明,,,N,ENTID_12715741,ENTID_130440127,ENTID_14034636,ENTID_132174612,ENTID_130440127,ENTID_132174612
ENTID_13673384,ENTID_12726559,1601,整形外科,ｾｲｹｲｹﾞｶ,501,不明,,,N,ENTID_12726559,ENTID_130453058,ENTID_13673384,ENTID_131711290,ENTID_130453058,ENTID_131711290
ENTID_14296281,ENTID_12385331,9999,所属部科なし,ｼﾖｿﾞｸﾌﾞｶﾅｼ,62,院長,,,N,ENTID_12385331,ENTID_130111321,ENTID_14296281,ENTID_132504143,ENTID_130111321,ENTID_132504143
ENTID_14389382,ENTID_12655466,9999,所属部科なし,ｼﾖｿﾞｸﾌﾞｶﾅｼ,62,院長,,,N,ENTID_12655466,ENTID_130379647,ENTID_14389382,ENTID_132603962,ENTID_130379647,ENTID_132603962
ENTID_14395085,ENTID_12537036,1500,外科,ｹﾞｶ,501,不明,,,N,ENTID_12537036,ENTID_130264472,ENTID_14395085,ENTID_132609410,ENTID_130264472,ENTID_132609410
ENTID_13756852,ENTID_12715910,1801,産婦人科,ｻﾝﾌｼﾞﾝｶ,63,副院長,,,N,ENTID_12715910,ENTID_130441410,ENTID_13756852,ENTID_131806844,ENTID_130441410,ENTID_131806844
ENTID_13614283,ENTID_12568701,1141,循環器内科,ｼﾞﾕﾝｶﾝｷﾅｲｶ,172,部長,,,N,ENTID_12568701,ENTID_130295543,ENTID_13614283,ENTID_131636488,ENTID_130295543,ENTID_131636488
ENTID_13678221,ENTID_12684022,4304,放射線治療科,ﾎｳｼﾔｾﾝﾁﾘﾖｳｶ,501,不明,,,N,ENTID_12684022,ENTID_130409353,ENTID_13678221,ENTID_131718240,ENTID_130409353,ENTID_131718240
ENTID_14257626,ENTID_12599364,1110,神経内科,ｼﾝｹｲﾅｲｶ,501,不明,,,N,ENTID_12599364,ENTID_130325697,ENTID_14257626,ENTID_132458110,ENTID_130325697,ENTID_132458110
ENTID_14309203,ENTID_12921854,9999,所属部科なし,ｼﾖｿﾞｸﾌﾞｶﾅｼ,62,院長,,,N,ENTID_12921854,ENTID_130687666,ENTID_14309203,ENTID_132527979,ENTID_130687666,ENTID_132527979
ENTID_13478239,ENTID_12609699,2201,泌尿器科,ﾋﾆﾖｳｷｶ,501,不明,,,N,ENTID_12609699,ENTID_130336320,ENTID_13478239,ENTID_131459429,ENTID_130336320,ENTID_131459429
ENTID_13820673,ENTID_105455974,9999,所属部科なし,ｼﾖｿﾞｸﾌﾞｶﾅｼ,501,不明,,,N,ENTID_105455974,ENTID_130029186,ENTID_13820673,ENTID_131898411,ENTID_130029186,ENTID_131898411
ENTID_14282506,ENTID_12608530,4930,総合診療科,ｿｳｺﾞｳｼﾝﾘﾖｳｶ,162,医長,,,N,ENTID_12608530,ENTID_130335332,ENTID_14282506,ENTID_132489876,ENTID_130335332,ENTID_132489876
ENTID_14148743,ENTID_12723601,1511,脳神経外科,ﾉｳｼﾝｹｲｹﾞｶ,173,副部長,,,N,ENTID_12723601,ENTID_130449987,ENTID_14148743,ENTID_132315160,ENTID_130449987,ENTID_132315160
ENTID_13804615,ENTID_97998459,9999,所属部科なし,ｼﾖｿﾞｸﾌﾞｶﾅｼ,,,,,N,ENTID_97998459,ENTID_130843011,ENTID_13804615,ENTID_131869873,ENTID_130843011,ENTID_131869873
ENTID_13475998,ENTID_12462980,9999,所属部科なし,ｼﾖｿﾞｸﾌﾞｶﾅｼ,62,院長,,,N,ENTID_12462980,ENTID_130190491,ENTID_13475998,ENTID_131459377,ENTID_130190491,ENTID_131459377
ENTID_14364229,ENTID_12977092,3501,薬局,ﾔﾂｷﾖｸ,501,不明,,,N,ENTID_12977092,ENTID_130751222,ENTID_14364229,ENTID_132567773,ENTID_130751222,ENTID_132567773
ENTID_13935534,ENTID_12525584,4601,検査部,ｹﾝｻﾌﾞ,172,部長,,,N,ENTID_12525584,ENTID_130253103,ENTID_13935534,ENTID_132047721,ENTID_130253103,ENTID_132047721
ENTID_13983486,ENTID_12543260,9890,消化器・肛門科,ｼﾖｳｶｷ.ｺｳﾓﾝｶ,11,理事長,,,N,ENTID_12543260,ENTID_130269410,ENTID_13983486,ENTID_132105137,ENTID_130269410,ENTID_132105137
ENTID_14275822,ENTID_12510034,9999,所属部科なし,ｼﾖｿﾞｸﾌﾞｶﾅｼ,501,不明,,,N,ENTID_12510034,ENTID_130234711,ENTID_14275822,ENTID_132481059,ENTID_130234711,ENTID_132481059
ENTID_14068267,ENTID_12617196,9999,所属部科なし,ｼﾖｿﾞｸﾌﾞｶﾅｼ,62,院長,,,N,ENTID_12617196,ENTID_130343426,ENTID_14068267,ENTID_132215359,ENTID_130343426,ENTID_132215359
ENTID_13485294,ENTID_12799728,6645,放射線治療学,ﾎｳｼﾔｾﾝﾁﾘﾖｳｶﾞｸ,609,,,,N,ENTID_12799728,ENTID_130526099,ENTID_13485294,ENTID_131468313,ENTID_130526099,ENTID_131468313
ENTID_13673384,ENTID_12745058,1634,消化器・一般外科,ｼﾖｳｶｷ.ｲﾂﾊﾟﾝｹﾞｶ,,,147,助手,N,ENTID_12745058,ENTID_130471255,ENTID_13673384,ENTID_131711290,ENTID_130471255,ENTID_131711290
ENTID_14180324,ENTID_98116685,9999,所属部科なし,ｼﾖｿﾞｸﾌﾞｶﾅｼ,,,,,N,ENTID_98116685,ENTID_130903958,ENTID_14180324,ENTID_132358800,ENTID_130903958,ENTID_132358800
ENTID_13744828,ENTID_12483686,9999,所属部科なし,ｼﾖｿﾞｸﾌﾞｶﾅｼ,501,不明,,,N,ENTID_12483686,ENTID_130211469,ENTID_13744828,ENTID_131794635,ENTID_130211469,ENTID_131794635
ENTID_94411150,ENTID_12630729,9999,所属部科なし,ｼﾖｿﾞｸﾌﾞｶﾅｼ,62,院長,,,N,ENTID_12630729,ENTID_130357604,ENTID_94411150,ENTID_132633200,ENTID_130357604,ENTID_132633200
ENTID_13723731,ENTID_45112683,1331,糖尿病・代謝・内分泌内科,ﾄｳﾆﾖｳﾋﾞﾖｳ.ﾀｲｼﾔ.ﾅｲﾌﾞﾝﾋﾟﾅｲｶ,501,不明,,,N,ENTID_45112683,ENTID_130553886,ENTID_13723731,ENTID_131773005,ENTID_130553886,ENTID_131773005
ENTID_13723731,ENTID_87913483,2201,泌尿器科,ﾋﾆﾖｳｷｶ,501,不明,,,N,ENTID_87913483,ENTID_130562961,ENTID_13723731,ENTID_131773005,ENTID_130562961,ENTID_131773005
ENTID_14063785,ENTID_12972350,3502,薬剤部,ﾔｸｻﾞｲﾌﾞ,501,不明,,,N,ENTID_12972350,ENTID_130749229,ENTID_14063785,ENTID_132252134,ENTID_130749229,ENTID_132252134
ENTID_14063785,ENTID_105456693,1246,免疫内科,ﾒﾝｴｷﾅｲｶ,501,不明,,,N,ENTID_105456693,ENTID_130030103,ENTID_14063785,ENTID_132252134,ENTID_130030103,ENTID_132252134
ENTID_14205387,ENTID_12744646,7940,歯周科,ｼｼﾕｳｶ,,,802,助教,N,ENTID_12744646,ENTID_130472053,ENTID_14205387,ENTID_132389139,ENTID_130472053,ENTID_132389139
ENTID_14205387,ENTID_12628676,2530,小児歯科,ｼﾖｳﾆｼｶ,166,副科長,801,准教授,N,ENTID_12628676,ENTID_130354158,ENTID_14205387,ENTID_132389139,ENTID_130354158,ENTID_132389139
ENTID_13612394,ENTID_147313026,9999,所属部科なし,ｼﾖｿﾞｸﾌﾞｶﾅｼ,,,,,N,ENTID_147313026,ENTID_147313026,ENTID_13612394,ENTID_131631642,ENTID_147313026,ENTID_131631642
ENTID_14174960,ENTID_12686660,9999,所属部科なし,ｼﾖｿﾞｸﾌﾞｶﾅｼ,501,不明,,,N,ENTID_12686660,ENTID_130413303,ENTID_14174960,ENTID_132351749,ENTID_130413303,ENTID_132351749
ENTID_14216369,ENTID_12622017,2301,麻酔科,ﾏｽｲｶ,162,医長,,,N,ENTID_12622017,ENTID_130348943,ENTID_14216369,ENTID_132404480,ENTID_130348943,ENTID_132404480
ENTID_13576843,ENTID_12504477,9999,所属部科なし,ｼﾖｿﾞｸﾌﾞｶﾅｼ,62,院長,,,N,ENTID_12504477,ENTID_130231451,ENTID_13576843,ENTID_131585764,ENTID_130231451,ENTID_131585764
ENTID_127631971,ENTID_147318157,9999,所属部科なし,ｼﾖｿﾞｸﾌﾞｶﾅｼ,,,,,N,ENTID_147318157,ENTID_147318157,ENTID_127631971,ENTID_131433771,ENTID_147318157,ENTID_131433771
ENTID_13988523,ENTID_12583794,9999,所属部科なし,ｼﾖｿﾞｸﾌﾞｶﾅｼ,,,144,教授,N,ENTID_12583794,ENTID_130310879,ENTID_13988523,ENTID_132111585,ENTID_130310879,ENTID_132111585
ENTID_14131353,ENTID_12488955,1370,精神科,ｾｲｼﾝｶ,,,,,N,ENTID_12488955,ENTID_130213258,ENTID_14131353,ENTID_132297398,ENTID_130213258,ENTID_132297398
ENTID_14125057,ENTID_134232731,9999,所属部科なし,ｼﾖｿﾞｸﾌﾞｶﾅｼ,,,,,N,ENTID_134232731,ENTID_134232731,ENTID_14125057,ENTID_132288949,ENTID_134232731,ENTID_132288949
ENTID_13771327,ENTID_74941078,9999,所属部科なし,ｼﾖｿﾞｸﾌﾞｶﾅｼ,62,院長,,,N,ENTID_74941078,ENTID_130701689,ENTID_13771327,ENTID_131829932,ENTID_130701689,ENTID_131829932
ENTID_13532297,ENTID_12712716,2829,病態制御学,ﾋﾞﾖｳﾀｲｾｲｷﾞﾖｶﾞｸ,,,144,教授,N,ENTID_12712716,ENTID_130438480,ENTID_13532297,ENTID_131527505,ENTID_130438480,ENTID_131527505
ENTID_14099584,ENTID_12467721,4208,理学療法学科,ﾘｶﾞｸﾘﾖｳﾎｳｶﾞﾂｶ,11,理事長,144,教授,N,ENTID_12467721,ENTID_130194158,ENTID_14099584,ENTID_132249603,ENTID_130194158,ENTID_132249603
ENTID_14368315,ENTID_12532380,9999,所属部科なし,ｼﾖｿﾞｸﾌﾞｶﾅｼ,62,院長,,,N,ENTID_12532380,ENTID_130258289,ENTID_14368315,ENTID_132570352,ENTID_130258289,ENTID_132570352
ENTID_14399915,ENTID_129908753,9999,所属部科なし,ｼﾖｿﾞｸﾌﾞｶﾅｼ,501,不明,,,N,ENTID_129908753,ENTID_130067941,ENTID_14399915,ENTID_132611258,ENTID_130067941,ENTID_132611258
ENTID_13702044,ENTID_12535232,1901,眼科,ｶﾞﾝｶ,501,不明,,,N,ENTID_12535232,ENTID_130261303,ENTID_13702044,ENTID_131749501,ENTID_130261303,ENTID_131749501
ENTID_13955700,ENTID_12461444,9999,所属部科なし,ｼﾖｿﾞｸﾌﾞｶﾅｼ,501,不明,,,N,ENTID_12461444,ENTID_130186673,ENTID_13955700,ENTID_132071148,ENTID_130186673,ENTID_132071148
ENTID_93033264,ENTID_149381597,9999,所属部科なし,ｼﾖｿﾞｸﾌﾞｶﾅｼ,,,,,N,ENTID_149381597,ENTID_149381597,ENTID_93033264,ENTID_132180630,ENTID_149381597,ENTID_132180630
ENTID_13981010,ENTID_146141613,9999,所属部科なし,ｼﾖｿﾞｸﾌﾞｶﾅｼ,701,研修医,,,N,ENTID_146141613,ENTID_146141613,ENTID_13981010,ENTID_132103631,ENTID_146141613,ENTID_132103631
ENTID_14404448,ENTID_12372509,9999,所属部科なし,ｼﾖｿﾞｸﾌﾞｶﾅｼ,62,院長,,,N,ENTID_12372509,ENTID_130100287,ENTID_14404448,ENTID_132616911,ENTID_130100287,ENTID_132616911
ENTID_14094476,ENTID_12462296,1100,内科,ﾅｲｶ,62,院長,,,N,ENTID_12462296,ENTID_130188448,ENTID_14094476,ENTID_132242049,ENTID_130188448,ENTID_132242049
ENTID_13599251,ENTID_97986765,9999,所属部科なし,ｼﾖｿﾞｸﾌﾞｶﾅｼ,,,,,N,ENTID_97986765,ENTID_130831034,ENTID_13599251,ENTID_131614777,ENTID_130831034,ENTID_131614777
ENTID_13610536,ENTID_12871061,9999,所属部科なし,ｼﾖｿﾞｸﾌﾞｶﾅｼ,81,所長,,,N,ENTID_12871061,ENTID_130636549,ENTID_13610536,ENTID_131628927,ENTID_130636549,ENTID_131628927
ENTID_13599283,ENTID_97987993,9999,所属部科なし,ｼﾖｿﾞｸﾌﾞｶﾅｼ,,,,,N,ENTID_97987993,ENTID_130832098,ENTID_13599283,ENTID_131614903,ENTID_130832098,ENTID_131614903
ENTID_13488388,ENTID_12492034,1511,脳神経外科,ﾉｳｼﾝｹｲｹﾞｶ,61,名誉院長,,,N,ENTID_12492034,ENTID_130217698,ENTID_13488388,ENTID_131471063,ENTID_130217698,ENTID_131471063
ENTID_14055849,ENTID_12861636,9999,所属部科なし,ｼﾖｿﾞｸﾌﾞｶﾅｼ,11,理事長,,,N,ENTID_12861636,ENTID_130628957,ENTID_14055849,ENTID_132198110,ENTID_130628957,ENTID_132198110
ENTID_105608602,ENTID_13005338,3470,社会薬学,ｼﾔｶｲﾔｸｶﾞｸ,501,不明,,,N,ENTID_13005338,ENTID_130782229,ENTID_105608602,ENTID_131206552,ENTID_130782229,ENTID_131206552
ENTID_13951370,ENTID_12722914,1260,小児科,ｼﾖｳﾆｶ,501,不明,,,N,ENTID_12722914,ENTID_130449311,ENTID_13951370,ENTID_132064431,ENTID_130449311,ENTID_132064431
ENTID_13510664,ENTID_97983452,9999,所属部科なし,ｼﾖｿﾞｸﾌﾞｶﾅｼ,,,,,N,ENTID_97983452,ENTID_130828231,ENTID_13510664,ENTID_131498288,ENTID_130828231,ENTID_131498288
