COUNTRY,DEPARTMENT,SALESFORCE_CODE,HCP_ID,REP_ID,PRODUCT,INDICATION,TERRITORY_ID,LOAD_DT,EPH_REFERENCE_ID,EPH_ENTERPRISE_ID,ENHANCED_ENTERPRISE_ID
JP,RETAIL,JPCL,ENTID_13680296,00580000004M39bAAC,JP_708127-420004,,JP69956,2025-11-03,ENTID_13680296,ENTID_131717034,
JP,RETAIL,JPHY,ENTID_12669283,00580000004M39fAAC,JP_708127-420004,,JP66042,2025-11-03,ENTID_12669283,ENTID_130395723,ENTID_130395723
JP,RETAIL,JPHY,ENTID_13763310,00580000004McPeAAK,JP_708127-420004,,JP65849,2025-11-03,ENTID_13763310,ENTID_131815147,
JP,RETAIL,JPCL,ENTID_12531166,00580000004M3JXAA0,JP_708127-420004,,JP69957,2025-11-03,ENTID_12531166,ENTID_130257692,ENTID_130257692
JP,RETAIL,JPHY,ENTID_12478026,00580000004MHG0AAO,JP_708127-420004,,JP65968,2025-11-03,ENTID_12478026,ENTID_130204285,ENTID_130204285
JP,RETAIL,JPHY,ENTID_12693996,00580000004M3VyAAK,JP_708127-420004,,JP65942,2025-11-03,ENTID_12693996,ENTID_130420208,ENTID_130420208
JP,RETAIL,JPHY,ENTID_12556300,0053x00000FEuD4AAL,JP_708127-420004,,JP65953,2025-11-03,ENTID_12556300,ENTID_130282291,ENTID_130282291
JP,RETAIL,JPHY,ENTID_12537722,00580000004M3APAA0,JP_708127-420004,,JP65948,2025-11-03,ENTID_12537722,ENTID_130264741,ENTID_130264741
JP,RETAIL,JPHY,ENTID_12802099,0053x00000FR2SLAA1,JP_708127-420004,,JP66037,2025-11-03,ENTID_12802099,ENTID_130527978,ENTID_130527978
JP,RETAIL,JPHY,ENTID_12743869,00580000004M35XAAS,JP_708127-420004,,JP66048,2025-11-03,ENTID_12743869,ENTID_130470315,ENTID_130470315
JP,RETAIL,JPHY,ENTID_12598610,00580000004M3V4AAK,JP_708127-420004,,JP65766,2025-11-03,ENTID_12598610,ENTID_130324958,ENTID_130324958
JP,RETAIL,JPHY,ENTID_12775824,0053x00000FR2SAAA1,JP_708127-420004,,JP66072,2025-11-03,ENTID_12775824,ENTID_130502750,ENTID_130502750
JP,RETAIL,JPCL,ENTID_13704465,00580000004M3JXAA0,JP_708127-420004,,JP69957,2025-11-03,ENTID_13704465,ENTID_131752212,
JP,RETAIL,JPHY,ENTID_96007565,00580000004M3VJAA0,JP_708127-420004,,JP66076,2025-11-03,ENTID_96007565,ENTID_130571806,ENTID_130571806
JP,RETAIL,JPHY,ENTID_95524910,00580000006a3JsAAI,JP_708127-420004,,JP65869,2025-11-03,ENTID_95524910,ENTID_130568264,ENTID_130568264
JP,RETAIL,JPHY,ENTID_13643694,00580000004M3CxAAK,JP_708127-420004,,JP65788,2025-11-03,ENTID_13643694,ENTID_131671045,
JP,RETAIL,JPHY,ENTID_12709349,005VS0000017OpDYAU,JP_708127-420004,,JP65969,2025-11-03,ENTID_12709349,ENTID_130435859,ENTID_130435859
JP,RETAIL,JPHY,ENTID_13916540,005VS000002bpPLYAY,JP_708127-420004,,JP65846,2025-11-03,ENTID_13916540,ENTID_132022033,
JP,RETAIL,JPHY,ENTID_12765856,00580000004M3F2AAK,JP_708127-420004,,JP65866,2025-11-03,ENTID_12765856,ENTID_130492540,ENTID_130492540
JP,RETAIL,JPHY,ENTID_13489714,00580000004M38jAAC,JP_708127-420004,,JP65757,2025-11-03,ENTID_13489714,ENTID_131471704,
JP,RETAIL,JPHY,ENTID_12752621,00580000004M37tAAC,JP_708127-420004,,JP65959,2025-11-03,ENTID_12752621,ENTID_130478705,ENTID_130478705
JP,RETAIL,JPCL,ENTID_12756542,00580000004M39bAAC,JP_708127-420004,,JP69956,2025-11-03,ENTID_12756542,ENTID_130482924,ENTID_130482924
JP,RETAIL,JPCL,ENTID_45744646,00580000004M3JXAA0,JP_708127-420004,,JP69957,2025-11-03,ENTID_45744646,ENTID_130555505,ENTID_130555505
JP,RETAIL,JPHY,ENTID_12783007,00580000004M3UPAA0,JP_708127-420004,,JP65787,2025-11-03,ENTID_12783007,ENTID_130510209,ENTID_130510209
JP,RETAIL,JPHY,ENTID_13847679,00580000004M3TzAAK,JP_708127-420004,,JP65872,2025-11-03,ENTID_13847679,ENTID_131929839,
JP,RETAIL,JPHY,ENTID_13937899,00580000004M3R8AAK,JP_708127-420004,,JP65946,2025-11-03,ENTID_13937899,ENTID_132046600,
JP,RETAIL,JPHY,ENTID_13711343,00580000004M3IsAAK,JP_708127-420004,,JP65871,2025-11-03,ENTID_13711343,ENTID_131757399,
JP,RETAIL,JPHY,ENTID_110522164,00580000004M365AAC,JP_708127-420004,,JP65774,2025-11-03,ENTID_110522164,ENTID_131433539,
JP,RETAIL,JPCL,ENTID_12586440,00580000004M3JXAA0,JP_708127-420004,,JP69957,2025-11-03,ENTID_12586440,ENTID_130312067,ENTID_130312067
JP,RETAIL,JPHY,ENTID_12684818,00580000004M3V0AAK,JP_708127-420004,,JP65940,2025-11-03,ENTID_12684818,ENTID_130411388,ENTID_130411388
JP,RETAIL,JPHY,ENTID_12584601,00580000004nenlAAA,JP_708127-420004,,JP66298,2025-11-03,ENTID_12584601,ENTID_130311450,ENTID_130311450
JP,RETAIL,JPHY,ENTID_12767872,0053x00000HlK32AAF,JP_708127-420004,,JP65790,2025-11-03,ENTID_12767872,ENTID_130494922,ENTID_130494922
JP,RETAIL,JPCL,ENTID_19758333,00580000004M39bAAC,JP_708127-420004,,JP69956,2025-11-03,ENTID_19758333,ENTID_130540614,ENTID_130540614
JP,RETAIL,JPCL,ENTID_12598616,00580000004M39bAAC,JP_708127-420004,,JP69956,2025-11-03,ENTID_12598616,ENTID_130324954,ENTID_130324954
JP,RETAIL,JPHY,ENTID_14399462,00580000004MHFkAAO,JP_708127-420004,,JP66071,2025-11-03,ENTID_14399462,ENTID_132613610,
JP,RETAIL,JPCL,ENTID_88090442,00580000004owNQAAY,JP_708127-420004,,JP69906,2025-11-03,ENTID_88090442,ENTID_130565262,ENTID_130565262
JP,RETAIL,JPCL,ENTID_13601412,00580000004owNQAAY,JP_708127-420004,,JP69906,2025-11-03,ENTID_13601412,ENTID_131618912,
JP,RETAIL,JPHY,ENTID_106553845,00580000004M3AOAA0,JP_708127-420004,,JP65876,2025-11-03,ENTID_106553845,ENTID_131213084,
JP,RETAIL,JPCL,ENTID_13982530,00580000004M39bAAC,JP_708127-420004,,JP69956,2025-11-03,ENTID_13982530,ENTID_132102672,
JP,RETAIL,JPCL,ENTID_13727610,00580000004MHFrAAO,JP_708127-420004,,JP69955,2025-11-03,ENTID_13727610,ENTID_131774392,
JP,RETAIL,JPCL,ENTID_14389688,00580000004owNQAAY,JP_708127-420004,,JP69906,2025-11-03,ENTID_14389688,ENTID_132599525,
JP,RETAIL,JPCL,ENTID_13635575,00580000004M3JXAA0,JP_708127-420004,,JP69957,2025-11-03,ENTID_13635575,ENTID_131662851,
JP,RETAIL,JPHY,ENTID_12566548,00580000004M3FEAA0,JP_708127-420004,,JP65786,2025-11-03,ENTID_12566548,ENTID_130292849,ENTID_130292849
JP,RETAIL,JPHY,ENTID_12778330,00580000004M3VJAA0,JP_708127-420004,,JP66076,2025-11-03,ENTID_12778330,ENTID_130505108,ENTID_130505108
JP,RETAIL,JPCL,ENTID_12538993,00580000004M3JXAA0,JP_708127-420004,,JP69957,2025-11-03,ENTID_12538993,ENTID_130266044,ENTID_130266044
JP,RETAIL,JPCL,ENTID_12607666,00580000004M3JXAA0,JP_708127-420004,,JP69957,2025-11-03,ENTID_12607666,ENTID_130334116,ENTID_130334116
JP,RETAIL,JPCL,ENTID_12536573,00580000004M39bAAC,JP_708127-420004,,JP69956,2025-11-03,ENTID_12536573,ENTID_130264830,ENTID_130264830
JP,RETAIL,JPHY,ENTID_105460216,00580000004M3A9AAK,JP_708127-420004,,JP65845,2025-11-03,ENTID_105460216,ENTID_130032935,ENTID_130032935
JP,RETAIL,JPCL,ENTID_14042379,00580000004M3JXAA0,JP_708127-420004,,JP69957,2025-11-03,ENTID_14042379,ENTID_132184810,
JP,RETAIL,JPHY,ENTID_12738456,00580000005lye5AAA,JP_708127-420004,,JP65864,2025-11-03,ENTID_12738456,ENTID_130464829,ENTID_130464829
JP,RETAIL,JPCL,ENTID_12698475,00580000004MHFrAAO,JP_708127-420004,,JP69955,2025-11-03,ENTID_12698475,ENTID_130425333,ENTID_130425333
JP,RETAIL,JPCL,ENTID_13483981,00580000004owNQAAY,JP_708127-420004,,JP69906,2025-11-03,ENTID_13483981,ENTID_131464611,
JP,RETAIL,JPCL,ENTID_12793231,00580000004M39bAAC,JP_708127-420004,,JP69956,2025-11-03,ENTID_12793231,ENTID_130517859,ENTID_130517859
JP,RETAIL,JPHY,ENTID_12708173,00580000004M3R8AAK,JP_708127-420004,,JP65946,2025-11-03,ENTID_12708173,ENTID_130434779,ENTID_130434779
JP,RETAIL,JPHY,ENTID_96127906,00580000004M3C9AAK,JP_708127-420004,,JP65777,2025-11-03,ENTID_96127906,ENTID_130572214,ENTID_130572214
JP,RETAIL,JPHY,ENTID_13731533,0053x00000HlK34AAF,JP_708127-420004,,JP65856,2025-11-03,ENTID_13731533,ENTID_131780417,
JP,RETAIL,JPCL,ENTID_45764027,00580000004MHFrAAO,JP_708127-420004,,JP69955,2025-11-03,ENTID_45764027,ENTID_131546807,
JP,RETAIL,JPCL,ENTID_12531650,00580000004M39bAAC,JP_708127-420004,,JP69956,2025-11-03,ENTID_12531650,ENTID_130258908,ENTID_130258908
JP,RETAIL,JPHY,ENTID_12693997,00580000006YIL5AAO,JP_708127-420004,,JP65943,2025-11-03,ENTID_12693997,ENTID_130420224,ENTID_130420224
JP,RETAIL,JPCL,ENTID_12516193,00580000004owNQAAY,JP_708127-420004,,JP69906,2025-11-03,ENTID_12516193,ENTID_130243794,ENTID_130243794
JP,RETAIL,JPHY,ENTID_12766409,00580000004MHFaAAO,JP_708127-420004,,JP65971,2025-11-03,ENTID_12766409,ENTID_130492506,ENTID_130492506
JP,RETAIL,JPCL,ENTID_12550139,00580000004M39bAAC,JP_708127-420004,,JP69956,2025-11-03,ENTID_12550139,ENTID_130275086,ENTID_130275086
JP,RETAIL,JPHY,ENTID_12546779,00580000004M3N4AAK,JP_708127-420004,,JP65781,2025-11-03,ENTID_12546779,ENTID_130272118,ENTID_130272118
JP,RETAIL,JPHY,ENTID_12673805,0053x00000FEuCqAAL,JP_708127-420004,,JP65761,2025-11-03,ENTID_12673805,ENTID_130399728,ENTID_130399728
JP,RETAIL,JPHY,ENTID_14287029,00580000004owNVAAY,JP_708127-420004,,JP66062,2025-11-03,ENTID_14287029,ENTID_132494664,
JP,RETAIL,JPHY,ENTID_19186100,00580000004M39AAAS,JP_708127-420004,,JP65760,2025-11-03,ENTID_19186100,ENTID_130536610,ENTID_130536610
JP,RETAIL,JPHY,ENTID_12766589,00580000004M3OKAA0,JP_708127-420004,,JP66059,2025-11-03,ENTID_12766589,ENTID_130493123,ENTID_130493123
JP,RETAIL,JPHY,ENTID_13951982,00580000005lyejAAA,JP_708127-420004,,JP65936,2025-11-03,ENTID_13951982,ENTID_132065775,
JP,RETAIL,JPCL,ENTID_13616353,00580000004MHFrAAO,JP_708127-420004,,JP69955,2025-11-03,ENTID_13616353,ENTID_131638148,
JP,RETAIL,JPHY,ENTID_12650970,00580000004M3F2AAK,JP_708127-420004,,JP65866,2025-11-03,ENTID_12650970,ENTID_130376090,ENTID_130376090
JP,RETAIL,JPHY,ENTID_12658382,00580000004nLX1AAM,JP_708127-420004,,JP65844,2025-11-03,ENTID_12658382,ENTID_130383084,ENTID_130383084
JP,RETAIL,JPHY,ENTID_96227966,00580000004M3HyAAK,JP_708127-420004,,JP65862,2025-11-03,ENTID_96227966,ENTID_130574019,ENTID_130574019
JP,RETAIL,JPHY,ENTID_12591111,0053x00000HlK3CAAV,JP_708127-420004,,JP65764,2025-11-03,ENTID_12591111,ENTID_130317607,ENTID_130317607
JP,RETAIL,JPHY,ENTID_87534183,00580000004M3COAA0,JP_708127-420004,,JP66055,2025-11-03,ENTID_87534183,ENTID_130562042,ENTID_130562042
JP,RETAIL,JPCL,ENTID_14171875,00580000004M39bAAC,JP_708127-420004,,JP69956,2025-11-03,ENTID_14171875,ENTID_132348616,
JP,RETAIL,JPHY,ENTID_12678910,00580000004MHFaAAO,JP_708127-420004,,JP65971,2025-11-03,ENTID_12678910,ENTID_130405606,ENTID_130405606
JP,RETAIL,JPCL,ENTID_12737733,00580000004MHFrAAO,JP_708127-420004,,JP69955,2025-11-03,ENTID_12737733,ENTID_130464256,ENTID_130464256
JP,RETAIL,JPCL,ENTID_13732412,00580000004MHFrAAO,JP_708127-420004,,JP69955,2025-11-03,ENTID_13732412,ENTID_131780336,
JP,RETAIL,JPHY,ENTID_12489471,0053x00000FR2SFAA1,JP_708127-420004,,JP65853,2025-11-03,ENTID_12489471,ENTID_130216397,ENTID_130216397
JP,RETAIL,JPHY,ENTID_76755784,00580000004MbNrAAK,JP_708127-420004,,JP66046,2025-11-03,ENTID_76755784,ENTID_130559116,ENTID_130559116
JP,RETAIL,JPHY,ENTID_14092221,00580000004M3BjAAK,JP_708127-420004,,JP65972,2025-11-03,ENTID_14092221,ENTID_132240992,
JP,RETAIL,JPHY,ENTID_12780007,0053x00000FR2SKAA1,JP_708127-420004,,JP66039,2025-11-03,ENTID_12780007,ENTID_130503213,ENTID_130503213
JP,RETAIL,JPHY,ENTID_128086277,00580000004M3GZAA0,JP_708127-420004,,JP66038,2025-11-03,ENTID_128086277,ENTID_131235677,
JP,RETAIL,JPCL,ENTID_13520724,00580000004M39bAAC,JP_708127-420004,,JP69956,2025-11-03,ENTID_13520724,ENTID_131513392,
JP,RETAIL,JPHY,ENTID_12603172,00580000006YILAAA4,JP_708127-420004,,JP65960,2025-11-03,ENTID_12603172,ENTID_130329774,ENTID_130329774
JP,RETAIL,JPHY,ENTID_13005966,00580000004M3APAA0,JP_708127-420004,,JP65948,2025-11-03,ENTID_13005966,ENTID_130781336,ENTID_130781336
JP,RETAIL,JPCL,ENTID_12781778,00580000004M39bAAC,JP_708127-420004,,JP69956,2025-11-03,ENTID_12781778,ENTID_130507264,ENTID_130507264
JP,RETAIL,JPHY,ENTID_109580699,00580000004nLWqAAM,JP_708127-420004,,JP65773,2025-11-03,ENTID_109580699,ENTID_131194601,
JP,RETAIL,JPCL,ENTID_12597097,00580000004M3JXAA0,JP_708127-420004,,JP69957,2025-11-03,ENTID_12597097,ENTID_130323503,ENTID_130323503
JP,RETAIL,JPHY,ENTID_12799408,00580000004M3UPAA0,JP_708127-420004,,JP65787,2025-11-03,ENTID_12799408,ENTID_130525716,ENTID_130525716
JP,RETAIL,JPCL,ENTID_12576503,00580000004M39bAAC,JP_708127-420004,,JP69956,2025-11-03,ENTID_12576503,ENTID_130302100,ENTID_130302100
JP,RETAIL,JPHY,ENTID_13632377,00580000004M3FEAA0,JP_708127-420004,,JP65786,2025-11-03,ENTID_13632377,ENTID_131658044,
JP,RETAIL,JPCL,ENTID_44966398,00580000004M3JXAA0,JP_708127-420004,,JP69957,2025-11-03,ENTID_44966398,ENTID_130551293,ENTID_130551293
JP,RETAIL,JPCL,ENTID_14265211,00580000004MHFrAAO,JP_708127-420004,,JP69955,2025-11-03,ENTID_14265211,ENTID_132467532,
JP,RETAIL,JPHY,ENTID_12955086,00580000004MHFkAAO,JP_708127-420004,,JP66071,2025-11-03,ENTID_12955086,ENTID_130732857,ENTID_130732857
JP,RETAIL,JPHY,ENTID_95527114,00580000004M3JyAAK,JP_708127-420004,,JP65776,2025-11-03,ENTID_95527114,ENTID_130570063,ENTID_130570063
JP,RETAIL,JPCL,ENTID_14044162,00580000004MHFrAAO,JP_708127-420004,,JP69955,2025-11-03,ENTID_14044162,ENTID_132184035,
JP,RETAIL,JPHY,ENTID_45764018,00580000004M3ISAA0,JP_708127-420004,,JP65973,2025-11-03,ENTID_45764018,ENTID_132253096,
JP,RETAIL,JPCL,ENTID_12581791,00580000004MHFrAAO,JP_708127-420004,,JP69955,2025-11-03,ENTID_12581791,ENTID_130307627,ENTID_130307627
JP,RETAIL,JPHY,ENTID_14301287,00580000006a3K0AAI,JP_708127-420004,,JP66064,2025-11-03,ENTID_14301287,ENTID_132509720,
JP,RETAIL,JPHY,ENTID_44963722,00580000004M3STAA0,JP_708127-420004,,JP65957,2025-11-03,ENTID_44963722,ENTID_130550970,ENTID_130550970
JP,RETAIL,JPHY,ENTID_12806159,00580000004M3IsAAK,JP_708127-420004,,JP65871,2025-11-03,ENTID_12806159,ENTID_130531965,ENTID_130531965
JP,RETAIL,JPCL,ENTID_12624495,00580000004owNQAAY,JP_708127-420004,,JP69906,2025-11-03,ENTID_12624495,ENTID_130349470,ENTID_130349470
JP,RETAIL,JPHY,ENTID_12635811,005VS0000017Op7YAE,JP_708127-420004,,JP66303,2025-11-03,ENTID_12635811,ENTID_130362160,ENTID_130362160
JP,RETAIL,JPCL,ENTID_12743330,00580000004MHFrAAO,JP_708127-420004,,JP69955,2025-11-03,ENTID_12743330,ENTID_130468292,ENTID_130468292
JP,RETAIL,JPHY,ENTID_12435671,00580000004M3HyAAK,JP_708127-420004,,JP65862,2025-11-03,ENTID_12435671,ENTID_130159436,ENTID_130159436
JP,RETAIL,JPHY,ENTID_12690421,00580000004M3V4AAK,JP_708127-420004,,JP65766,2025-11-03,ENTID_12690421,ENTID_130416593,ENTID_130416593
JP,RETAIL,JPHY,ENTID_12710396,00580000006YILAAA4,JP_708127-420004,,JP65960,2025-11-03,ENTID_12710396,ENTID_130436691,ENTID_130436691
JP,RETAIL,JPHY,ENTID_95525432,00580000004M36QAAS,JP_708127-420004,,JP66070,2025-11-03,ENTID_95525432,ENTID_130569683,ENTID_130569683
JP,RETAIL,JPCL,ENTID_12467551,00580000004M39bAAC,JP_708127-420004,,JP69956,2025-11-03,ENTID_12467551,ENTID_130194192,ENTID_130194192
JP,RETAIL,JPHY,ENTID_14187462,00580000004M3HbAAK,JP_708127-420004,,JP65962,2025-11-03,ENTID_14187462,ENTID_132365384,
JP,RETAIL,JPHY,ENTID_12986798,00580000004MHFkAAO,JP_708127-420004,,JP66071,2025-11-03,ENTID_12986798,ENTID_130764717,ENTID_130764717
JP,RETAIL,JPHY,ENTID_128296919,00580000004M3W1AAK,JP_708127-420004,,JP65874,2025-11-03,ENTID_128296919,ENTID_131215201,
JP,RETAIL,JPHY,ENTID_14021616,00580000004M3JtAAK,JP_708127-420004,,JP65952,2025-11-03,ENTID_14021616,ENTID_132155126,
JP,RETAIL,JPHY,ENTID_12489340,00580000006a3JvAAI,JP_708127-420004,,JP65958,2025-11-03,ENTID_12489340,ENTID_130212408,ENTID_130212408
JP,RETAIL,JPHY,ENTID_12615475,00580000004M3QcAAK,JP_708127-420004,,JP65850,2025-11-03,ENTID_12615475,ENTID_130342155,ENTID_130342155
JP,RETAIL,JPCL,ENTID_12700073,00580000004M39bAAC,JP_708127-420004,,JP69956,2025-11-03,ENTID_12700073,ENTID_130426200,ENTID_130426200
JP,RETAIL,JPHY,ENTID_13638184,005VS0000017OomYAE,JP_708127-420004,,JP66297,2025-11-03,ENTID_13638184,ENTID_131662404,
JP,RETAIL,JPCL,ENTID_12650561,00580000004M3JXAA0,JP_708127-420004,,JP69957,2025-11-03,ENTID_12650561,ENTID_130376557,ENTID_130376557
JP,RETAIL,JPCL,ENTID_13835785,00580000004M39bAAC,JP_708127-420004,,JP69956,2025-11-03,ENTID_13835785,ENTID_131915153,
JP,RETAIL,JPCL,ENTID_13717647,00580000004M3JXAA0,JP_708127-420004,,JP69957,2025-11-03,ENTID_13717647,ENTID_131767397,
JP,RETAIL,JPCL,ENTID_113853043,00580000004M3JXAA0,JP_708127-420004,,JP69957,2025-11-03,ENTID_113853043,ENTID_131197676,
JP,RETAIL,JPHY,ENTID_97645734,0053x00000IINQYAA5,JP_708127-420004,,JP65873,2025-11-03,ENTID_97645734,ENTID_130576885,ENTID_130576885
JP,RETAIL,JPCL,ENTID_105256799,00580000004M3JXAA0,JP_708127-420004,,JP69957,2025-11-03,ENTID_105256799,ENTID_131206254,
JP,RETAIL,JPHY,ENTID_13561266,00580000004M347AAC,JP_708127-420004,,JP65767,2025-11-03,ENTID_13561266,ENTID_131568378,
JP,RETAIL,JPCL,ENTID_12576083,00580000004MHFrAAO,JP_708127-420004,,JP69955,2025-11-03,ENTID_12576083,ENTID_130302348,ENTID_130302348
JP,RETAIL,JPHY,ENTID_14291201,00580000004MbNrAAK,JP_708127-420004,,JP66046,2025-11-03,ENTID_14291201,ENTID_132497284,
JP,RETAIL,JPHY,ENTID_12552615,00580000004M365AAC,JP_708127-420004,,JP65774,2025-11-03,ENTID_12552615,ENTID_130276918,ENTID_130276918
JP,RETAIL,JPCL,ENTID_98178586,00580000004M3JXAA0,JP_708127-420004,,JP69957,2025-11-03,ENTID_98178586,ENTID_131823663,
JP,RETAIL,JPHY,ENTID_47420813,00580000004M36aAAC,JP_708127-420004,,JP66073,2025-11-03,ENTID_47420813,ENTID_130913148,
JP,RETAIL,JPHY,ENTID_12509553,00580000004M3JWAA0,JP_708127-420004,,JP65854,2025-11-03,ENTID_12509553,ENTID_130237686,ENTID_130237686
JP,RETAIL,JPHY,ENTID_13910057,0053x00000FR2SKAA1,JP_708127-420004,,JP66039,2025-11-03,ENTID_13910057,ENTID_132012682,
JP,RETAIL,JPCL,ENTID_12581402,00580000004MHFrAAO,JP_708127-420004,,JP69955,2025-11-03,ENTID_12581402,ENTID_130307060,ENTID_130307060
JP,RETAIL,JPHY,ENTID_13756649,00580000004M3HgAAK,JP_708127-420004,,JP66299,2025-11-03,ENTID_13756649,ENTID_131807314,
JP,RETAIL,JPHY,ENTID_12656232,00580000004M3LMAA0,JP_708127-420004,,JP65861,2025-11-03,ENTID_12656232,ENTID_130383499,ENTID_130383499
JP,RETAIL,JPHZ,ENTID_12661477,00580000004M3RPAA0,JP_708127-420004,,JP91046,2025-11-03,ENTID_12661477,ENTID_130386529,ENTID_130386529
JP,RETAIL,JPCL,ENTID_13602720,00580000004M39bAAC,JP_708127-420004,,JP69956,2025-11-03,ENTID_13602720,ENTID_131620669,
JP,RETAIL,JPHY,ENTID_13711018,00580000004M3GHAA0,JP_708127-420004,,JP66300,2025-11-03,ENTID_13711018,ENTID_131758730,
JP,RETAIL,JPHY,ENTID_13752438,00580000006a3JsAAI,JP_708127-420004,,JP65869,2025-11-03,ENTID_13752438,ENTID_131803458,
JP,RETAIL,JPHY,ENTID_14045353,00580000004M39fAAC,JP_708127-420004,,JP66042,2025-11-03,ENTID_14045353,ENTID_131237144,
JP,RETAIL,JPHY,ENTID_95643542,00580000004M3GHAA0,JP_708127-420004,,JP66300,2025-11-03,ENTID_95643542,ENTID_131823168,
JP,RETAIL,JPCL,ENTID_13718053,00580000004M39bAAC,JP_708127-420004,,JP69956,2025-11-03,ENTID_13718053,ENTID_131766928,
JP,RETAIL,JPHY,ENTID_12743403,00580000004MHFaAAO,JP_708127-420004,,JP65971,2025-11-03,ENTID_12743403,ENTID_130469656,ENTID_130469656
JP,RETAIL,JPHY,ENTID_13843689,00580000004M3VOAA0,JP_708127-420004,,JP65880,2025-11-03,ENTID_13843689,ENTID_131922364,
JP,RETAIL,JPCL,ENTID_12606564,00580000004owNQAAY,JP_708127-420004,,JP69906,2025-11-03,ENTID_12606564,ENTID_130333047,ENTID_130333047
JP,RETAIL,JPHY,ENTID_12699553,005VS0000017OpEYAU,JP_708127-420004,,JP65841,2025-11-03,ENTID_12699553,ENTID_130425741,ENTID_130425741
JP,RETAIL,JPHY,ENTID_13577652,00580000004M3GXAA0,JP_708127-420004,,JP65770,2025-11-03,ENTID_13577652,ENTID_131586602,
JP,RETAIL,JPHY,ENTID_12538892,00580000005lyeHAAQ,JP_708127-420004,,JP65759,2025-11-03,ENTID_12538892,ENTID_130265304,ENTID_130265304
JP,RETAIL,JPHY,ENTID_13478650,00580000004M3SbAAK,JP_708127-420004,,JP65758,2025-11-03,ENTID_13478650,ENTID_131461340,
JP,RETAIL,JPCL,ENTID_12700137,00580000004M3JXAA0,JP_708127-420004,,JP69957,2025-11-03,ENTID_12700137,ENTID_130426295,ENTID_130426295
JP,RETAIL,JPHY,ENTID_12669569,0053x00000FR2SKAA1,JP_708127-420004,,JP66039,2025-11-03,ENTID_12669569,ENTID_130395871,ENTID_130395871
JP,RETAIL,JPHY,ENTID_14192835,00580000004M35XAAS,JP_708127-420004,,JP66048,2025-11-03,ENTID_14192835,ENTID_132373743,
JP,RETAIL,JPCL,ENTID_13899846,00580000004MHFrAAO,JP_708127-420004,,JP69955,2025-11-03,ENTID_13899846,ENTID_132001624,
JP,RETAIL,JPHY,ENTID_76515197,00580000004M35SAAS,JP_708127-420004,,JP65765,2025-11-03,ENTID_76515197,ENTID_130557441,ENTID_130557441
JP,RETAIL,JPHY,ENTID_12648231,00580000004M3LMAA0,JP_708127-420004,,JP65861,2025-11-03,ENTID_12648231,ENTID_130374818,ENTID_130374818
JP,RETAIL,JPHY,ENTID_77162774,00580000004M36EAAS,JP_708127-420004,,JP66050,2025-11-03,ENTID_77162774,ENTID_130559806,ENTID_130559806
JP,RETAIL,JPHY,ENTID_12637878,00580000004M359AAC,JP_708127-420004,,JP65756,2025-11-03,ENTID_12637878,ENTID_130363850,ENTID_130363850
JP,RETAIL,JPCL,ENTID_12646351,00580000004M3JXAA0,JP_708127-420004,,JP69957,2025-11-03,ENTID_12646351,ENTID_130373209,ENTID_130373209
JP,RETAIL,JPCL,ENTID_12524481,00580000004MHFrAAO,JP_708127-420004,,JP69955,2025-11-03,ENTID_12524481,ENTID_130251593,ENTID_130251593
JP,RETAIL,JPHY,ENTID_13981766,00580000004M3APAA0,JP_708127-420004,,JP65948,2025-11-03,ENTID_13981766,ENTID_132104329,
JP,RETAIL,JPCL,ENTID_12486335,00580000004M3JXAA0,JP_708127-420004,,JP69957,2025-11-03,ENTID_12486335,ENTID_130214221,ENTID_130214221
JP,RETAIL,JPHZ,ENTID_13750072,00580000004M3RPAA0,JP_708127-420004,,JP91046,2025-11-03,ENTID_13750072,ENTID_131801974,
JP,RETAIL,JPHY,ENTID_115674542,00580000004M38tAAC,JP_708127-420004,,JP65947,2025-11-03,ENTID_115674542,ENTID_131231510,
JP,RETAIL,JPHY,ENTID_12795685,00580000004M35SAAS,JP_708127-420004,,JP65765,2025-11-03,ENTID_12795685,ENTID_130520727,ENTID_130520727
JP,RETAIL,JPHY,ENTID_12783894,00580000004M3FPAA0,JP_708127-420004,,JP65863,2025-11-03,ENTID_12783894,ENTID_130510910,ENTID_130510910
JP,RETAIL,JPHY,ENTID_12685233,00580000004M3CCAA0,JP_708127-420004,,JP65851,2025-11-03,ENTID_12685233,ENTID_130410434,ENTID_130410434
JP,RETAIL,JPHY,ENTID_12627496,005VS0000017OpEYAU,JP_708127-420004,,JP65841,2025-11-03,ENTID_12627496,ENTID_130353306,ENTID_130353306
JP,RETAIL,JPHY,ENTID_12553637,00580000004M36EAAS,JP_708127-420004,,JP66050,2025-11-03,ENTID_12553637,ENTID_130277582,ENTID_130277582
JP,RETAIL,JPHY,ENTID_76442488,00580000004M3JyAAK,JP_708127-420004,,JP65776,2025-11-03,ENTID_76442488,ENTID_131726259,
JP,RETAIL,JPHY,ENTID_12615214,00580000004M3VJAA0,JP_708127-420004,,JP66076,2025-11-03,ENTID_12615214,ENTID_130341468,ENTID_130341468
JP,RETAIL,JPHY,ENTID_45067846,0053x00000IINQYAA5,JP_708127-420004,,JP65873,2025-11-03,ENTID_45067846,ENTID_130553562,ENTID_130553562
JP,RETAIL,JPCL,ENTID_12676425,00580000004M3JXAA0,JP_708127-420004,,JP69957,2025-11-03,ENTID_12676425,ENTID_130403019,ENTID_130403019
JP,RETAIL,JPHY,ENTID_12746428,00580000004M37tAAC,JP_708127-420004,,JP65959,2025-11-03,ENTID_12746428,ENTID_130473241,ENTID_130473241
JP,RETAIL,JPCL,ENTID_75473966,00580000004MHFrAAO,JP_708127-420004,,JP69955,2025-11-03,ENTID_75473966,ENTID_131821033,
JP,RETAIL,JPCL,ENTID_14075165,00580000004MHFrAAO,JP_708127-420004,,JP69955,2025-11-03,ENTID_14075165,ENTID_132248952,
JP,RETAIL,JPHY,ENTID_12665364,00580000004M347AAC,JP_708127-420004,,JP65767,2025-11-03,ENTID_12665364,ENTID_130391776,ENTID_130391776
JP,RETAIL,JPCL,ENTID_12601583,00580000004owNQAAY,JP_708127-420004,,JP69906,2025-11-03,ENTID_12601583,ENTID_130327184,ENTID_130327184
JP,RETAIL,JPHY,ENTID_12692637,00580000004M3QcAAK,JP_708127-420004,,JP65850,2025-11-03,ENTID_12692637,ENTID_130418339,ENTID_130418339
JP,RETAIL,JPHY,ENTID_12662215,005VS0000017OpDYAU,JP_708127-420004,,JP65969,2025-11-03,ENTID_12662215,ENTID_130389283,ENTID_130389283
JP,RETAIL,JPHY,ENTID_12470437,00580000006a3JvAAI,JP_708127-420004,,JP65958,2025-11-03,ENTID_12470437,ENTID_130197331,ENTID_130197331
JP,RETAIL,JPCL,ENTID_12548352,00580000004owNQAAY,JP_708127-420004,,JP69906,2025-11-03,ENTID_12548352,ENTID_130273613,ENTID_130273613
JP,RETAIL,JPCL,ENTID_14135911,00580000004owNQAAY,JP_708127-420004,,JP69906,2025-11-03,ENTID_14135911,ENTID_132322355,
JP,RETAIL,JPCL,ENTID_13838608,00580000004MHFrAAO,JP_708127-420004,,JP69955,2025-11-03,ENTID_13838608,ENTID_131918529,
JP,RETAIL,JPCL,ENTID_12666376,00580000004M39bAAC,JP_708127-420004,,JP69956,2025-11-03,ENTID_12666376,ENTID_130393207,ENTID_130393207
JP,RETAIL,JPCL,ENTID_105459400,00580000004M39bAAC,JP_708127-420004,,JP69956,2025-11-03,ENTID_105459400,ENTID_130032442,ENTID_130032442
JP,RETAIL,JPHY,ENTID_95526390,00580000004nLX1AAM,JP_708127-420004,,JP65844,2025-11-03,ENTID_95526390,ENTID_130568640,ENTID_130568640
JP,RETAIL,JPHY,ENTID_12544700,00580000004M39fAAC,JP_708127-420004,,JP66042,2025-11-03,ENTID_12544700,ENTID_130271355,ENTID_130271355
JP,RETAIL,JPHY,ENTID_12687186,0053x00000FRCKmAAP,JP_708127-420004,,JP66054,2025-11-03,ENTID_12687186,ENTID_130413615,ENTID_130413615
JP,RETAIL,JPHY,ENTID_13757380,00580000004M3JWAA0,JP_708127-420004,,JP65854,2025-11-03,ENTID_13757380,ENTID_131809840,
JP,RETAIL,JPCL,ENTID_12672515,00580000004owNQAAY,JP_708127-420004,,JP69906,2025-11-03,ENTID_12672515,ENTID_130397947,ENTID_130397947
JP,RETAIL,JPHY,ENTID_12789131,0053x00000FEuCqAAL,JP_708127-420004,,JP65761,2025-11-03,ENTID_12789131,ENTID_130515187,ENTID_130515187
JP,RETAIL,JPHY,ENTID_12715946,0053x00000FR2S7AAL,JP_708127-420004,,JP65865,2025-11-03,ENTID_12715946,ENTID_130441407,ENTID_130441407
JP,RETAIL,JPHY,ENTID_12658656,00580000004M3HyAAK,JP_708127-420004,,JP65862,2025-11-03,ENTID_12658656,ENTID_130384817,ENTID_130384817
JP,RETAIL,JPCL,ENTID_12494216,00580000004M3JXAA0,JP_708127-420004,,JP69957,2025-11-03,ENTID_12494216,ENTID_130221665,ENTID_130221665
JP,RETAIL,JPCL,ENTID_12637514,00580000004M3JXAA0,JP_708127-420004,,JP69957,2025-11-03,ENTID_12637514,ENTID_130362715,ENTID_130362715
JP,RETAIL,JPHY,ENTID_12693996,0053x00000FR2S9AAL,JP_708127-420004,,JP65941,2025-11-03,ENTID_12693996,ENTID_130420208,ENTID_130420208
JP,RETAIL,JPHY,ENTID_12494729,00580000004MeV3AAK,JP_708127-420004,,JP66065,2025-11-03,ENTID_12494729,ENTID_130221112,ENTID_130221112
JP,RETAIL,JPHY,ENTID_13921536,00580000004M3A9AAK,JP_708127-420004,,JP65845,2025-11-03,ENTID_13921536,ENTID_132029521,
JP,RETAIL,JPHY,ENTID_12570128,005VS0000017OpCYAU,JP_708127-420004,,JP66063,2025-11-03,ENTID_12570128,ENTID_130296954,ENTID_130296954
JP,RETAIL,JPCL,ENTID_12470551,00580000004MHFrAAO,JP_708127-420004,,JP69955,2025-11-03,ENTID_12470551,ENTID_130195849,ENTID_130195849
JP,RETAIL,JPCL,ENTID_14298777,00580000004M39bAAC,JP_708127-420004,,JP69956,2025-11-03,ENTID_14298777,ENTID_132506445,
JP,RETAIL,JPCL,ENTID_14365429,00580000004owNQAAY,JP_708127-420004,,JP69906,2025-11-03,ENTID_14365429,ENTID_132570321,
JP,RETAIL,JPHY,ENTID_12800323,0053x00000FokEGAAZ,JP_708127-420004,,JP65867,2025-11-03,ENTID_12800323,ENTID_130528047,ENTID_130528047
JP,RETAIL,JPCL,ENTID_14060624,00580000004owNQAAY,JP_708127-420004,,JP69906,2025-11-03,ENTID_14060624,ENTID_132207712,
JP,RETAIL,JPCL,ENTID_13606669,00580000004owNQAAY,JP_708127-420004,,JP69906,2025-11-03,ENTID_13606669,ENTID_131626489,
JP,RETAIL,JPHY,ENTID_12595775,00580000004M3UPAA0,JP_708127-420004,,JP65787,2025-11-03,ENTID_12595775,ENTID_130322101,ENTID_130322101
JP,RETAIL,JPCL,ENTID_12763665,00580000004owNQAAY,JP_708127-420004,,JP69906,2025-11-03,ENTID_12763665,ENTID_130489831,ENTID_130489831
JP,RETAIL,JPHZ,ENTID_12761516,00580000004M3RPAA0,JP_708127-420004,,JP91046,2025-11-03,ENTID_12761516,ENTID_130487896,ENTID_130487896
JP,RETAIL,JPHY,ENTID_13495669,00580000004M359AAC,JP_708127-420004,,JP65756,2025-11-03,ENTID_13495669,ENTID_131479781,
JP,RETAIL,JPCL,ENTID_12475312,00580000004MHFrAAO,JP_708127-420004,,JP69955,2025-11-03,ENTID_12475312,ENTID_130203148,ENTID_130203148
JP,RETAIL,JPCL,ENTID_12531166,00580000004MHFrAAO,JP_708127-420004,,JP69955,2025-11-03,ENTID_12531166,ENTID_130257692,ENTID_130257692
JP,RETAIL,JPHY,ENTID_12701118,00580000004M38kAAC,JP_708127-420004,,JP65769,2025-11-03,ENTID_12701118,ENTID_130427878,ENTID_130427878
JP,RETAIL,JPCL,ENTID_45016974,00580000004M3JXAA0,JP_708127-420004,,JP69957,2025-11-03,ENTID_45016974,ENTID_130552312,ENTID_130552312
JP,RETAIL,JPHY,ENTID_12675848,00580000004M3F2AAK,JP_708127-420004,,JP65866,2025-11-03,ENTID_12675848,ENTID_130402101,ENTID_130402101
JP,RETAIL,JPCL,ENTID_12689216,00580000004M39bAAC,JP_708127-420004,,JP69956,2025-11-03,ENTID_12689216,ENTID_130415302,ENTID_130415302
JP,RETAIL,JPCL,ENTID_12574000,00580000004owNQAAY,JP_708127-420004,,JP69906,2025-11-03,ENTID_12574000,ENTID_130300348,ENTID_130300348
JP,RETAIL,JPHY,ENTID_12741779,00580000004M3IsAAK,JP_708127-420004,,JP65871,2025-11-03,ENTID_12741779,ENTID_130469199,ENTID_130469199
JP,RETAIL,JPCL,ENTID_13569833,00580000004MHFrAAO,JP_708127-420004,,JP69955,2025-11-03,ENTID_13569833,ENTID_131579693,
JP,RETAIL,JPHY,ENTID_14025040,0053x00000FEuD4AAL,JP_708127-420004,,JP65953,2025-11-03,ENTID_14025040,ENTID_132159567,
JP,RETAIL,JPHY,ENTID_12629108,00580000004M3VJAA0,JP_708127-420004,,JP66076,2025-11-03,ENTID_12629108,ENTID_130355461,ENTID_130355461
JP,RETAIL,JPHY,ENTID_12711702,00580000004M3R8AAK,JP_708127-420004,,JP65946,2025-11-03,ENTID_12711702,ENTID_130438372,ENTID_130438372
JP,RETAIL,JPHY,ENTID_12789063,00580000004M3D3AAK,JP_708127-420004,,JP65939,2025-11-03,ENTID_12789063,ENTID_130516054,ENTID_130516054
JP,RETAIL,JPHY,ENTID_12696377,00580000004MHG0AAO,JP_708127-420004,,JP65968,2025-11-03,ENTID_12696377,ENTID_130422158,ENTID_130422158
JP,RETAIL,JPHY,ENTID_13754270,0053x00000FR2S7AAL,JP_708127-420004,,JP65865,2025-11-03,ENTID_13754270,ENTID_131805707,
JP,RETAIL,JPHY,ENTID_106007829,00580000004M39fAAC,JP_708127-420004,,JP66042,2025-11-03,ENTID_106007829,ENTID_130037682,ENTID_130037682
JP,RETAIL,JPHY,ENTID_12570112,00580000004M3GTAA0,JP_708127-420004,,JP65843,2025-11-03,ENTID_12570112,ENTID_130296964,ENTID_130296964
JP,RETAIL,JPHY,ENTID_113768858,0053x00000IIP3dAAH,JP_708127-420004,,JP66051,2025-11-03,ENTID_113768858,ENTID_130042259,ENTID_130042259
JP,RETAIL,JPCL,ENTID_13521092,00580000004owNQAAY,JP_708127-420004,,JP69906,2025-11-03,ENTID_13521092,ENTID_131513019,
JP,RETAIL,JPHY,ENTID_13848344,00580000004M3AOAA0,JP_708127-420004,,JP65876,2025-11-03,ENTID_13848344,ENTID_131930266,
JP,RETAIL,JPHY,ENTID_14244335,00580000004M36EAAS,JP_708127-420004,,JP66050,2025-11-03,ENTID_14244335,ENTID_132439158,
JP,RETAIL,JPHY,ENTID_14299483,00580000006a3K0AAI,JP_708127-420004,,JP66064,2025-11-03,ENTID_14299483,ENTID_132507171,
JP,RETAIL,JPHY,ENTID_47420289,0053x00000IINQYAA5,JP_708127-420004,,JP65873,2025-11-03,ENTID_47420289,ENTID_130908063,ENTID_130908063
JP,RETAIL,JPHY,ENTID_47420813,00580000004M3COAA0,JP_708127-420004,,JP66055,2025-11-03,ENTID_47420813,ENTID_130913148,
JP,RETAIL,JPCL,ENTID_13711830,00580000004MHFrAAO,JP_708127-420004,,JP69955,2025-11-03,ENTID_13711830,ENTID_131758096,
JP,RETAIL,JPHY,ENTID_12967389,00580000004MHG0AAO,JP_708127-420004,,JP65968,2025-11-03,ENTID_12967389,ENTID_130745070,ENTID_130745070
JP,RETAIL,JPHY,ENTID_14022960,00580000004M3JtAAK,JP_708127-420004,,JP65952,2025-11-03,ENTID_14022960,ENTID_132157679,
JP,RETAIL,JPCL,ENTID_12728187,00580000004owNQAAY,JP_708127-420004,,JP69906,2025-11-03,ENTID_12728187,ENTID_130454737,ENTID_130454737
JP,RETAIL,JPHY,ENTID_13935210,00580000004M3R8AAK,JP_708127-420004,,JP65946,2025-11-03,ENTID_13935210,ENTID_132045933,
JP,RETAIL,JPHY,ENTID_44907005,00580000004M3F2AAK,JP_708127-420004,,JP65866,2025-11-03,ENTID_44907005,ENTID_130549791,ENTID_130549791
JP,RETAIL,JPHY,ENTID_12752671,00580000004M38tAAC,JP_708127-420004,,JP65947,2025-11-03,ENTID_12752671,ENTID_130479274,ENTID_130479274
JP,RETAIL,JPHY,ENTID_12781617,00580000004M3SxAAK,JP_708127-420004,,JP65961,2025-11-03,ENTID_12781617,ENTID_130506611,ENTID_130506611
JP,RETAIL,JPHY,ENTID_104830810,00580000004M3MUAA0,JP_708127-420004,,JP65842,2025-11-03,ENTID_104830810,ENTID_131981639,
JP,RETAIL,JPCL,ENTID_12809201,00580000004MHFrAAO,JP_708127-420004,,JP69955,2025-11-03,ENTID_12809201,ENTID_130533865,ENTID_130533865
JP,RETAIL,JPCL,ENTID_12627233,00580000004MHFrAAO,JP_708127-420004,,JP69955,2025-11-03,ENTID_12627233,ENTID_130353835,ENTID_130353835
JP,RETAIL,JPHY,ENTID_12605233,0053x00000HlK3QAAV,JP_708127-420004,,JP65950,2025-11-03,ENTID_12605233,ENTID_130330909,ENTID_130330909
JP,RETAIL,JPCL,ENTID_12519737,00580000004owNQAAY,JP_708127-420004,,JP69906,2025-11-03,ENTID_12519737,ENTID_130245513,ENTID_130245513
JP,RETAIL,JPHY,ENTID_12693345,00580000004M3A9AAK,JP_708127-420004,,JP65845,2025-11-03,ENTID_12693345,ENTID_130418765,ENTID_130418765
JP,RETAIL,JPHY,ENTID_47420289,0053x00000HlK3QAAV,JP_708127-420004,,JP65950,2025-11-03,ENTID_47420289,ENTID_130908063,ENTID_130908063
JP,RETAIL,JPCL,ENTID_19114563,00580000004M39bAAC,JP_708127-420004,,JP69956,2025-11-03,ENTID_19114563,ENTID_131818031,
JP,RETAIL,JPHY,ENTID_12764996,0053x00000FR2SFAA1,JP_708127-420004,,JP65853,2025-11-03,ENTID_12764996,ENTID_130490957,ENTID_130490957
JP,RETAIL,JPHY,ENTID_14024197,00580000004M3JtAAK,JP_708127-420004,,JP65952,2025-11-03,ENTID_14024197,ENTID_132161265,
JP,RETAIL,JPHY,ENTID_12591299,00580000004MHFkAAO,JP_708127-420004,,JP66071,2025-11-03,ENTID_12591299,ENTID_130317155,ENTID_130317155
JP,RETAIL,JPHY,ENTID_12736241,00580000004M39fAAC,JP_708127-420004,,JP66042,2025-11-03,ENTID_12736241,ENTID_130462830,ENTID_130462830
JP,RETAIL,JPCL,ENTID_12780231,00580000004M3JXAA0,JP_708127-420004,,JP69957,2025-11-03,ENTID_12780231,ENTID_130506971,ENTID_130506971
JP,RETAIL,JPHY,ENTID_128103638,00580000005lyeuAAA,JP_708127-420004,,JP66058,2025-11-03,ENTID_128103638,ENTID_131244698,
JP,RETAIL,JPCL,ENTID_14326359,00580000004owNQAAY,JP_708127-420004,,JP69906,2025-11-03,ENTID_14326359,ENTID_132543258,
JP,RETAIL,JPHY,ENTID_12615898,00580000004M3A9AAK,JP_708127-420004,,JP65845,2025-11-03,ENTID_12615898,ENTID_130342292,ENTID_130342292
JP,RETAIL,JPHY,ENTID_12493290,0053x00000FR2SMAA1,JP_708127-420004,,JP66074,2025-11-03,ENTID_12493290,ENTID_130220303,ENTID_130220303
JP,RETAIL,JPHY,ENTID_12503837,00580000006YILBAA4,JP_708127-420004,,JP66267,2025-11-03,ENTID_12503837,ENTID_130228824,ENTID_130228824
JP,RETAIL,JPCL,ENTID_12546176,00580000004owNQAAY,JP_708127-420004,,JP69906,2025-11-03,ENTID_12546176,ENTID_130272889,ENTID_130272889
JP,RETAIL,JPHY,ENTID_12758012,00580000004M3SbAAK,JP_708127-420004,,JP65758,2025-11-03,ENTID_12758012,ENTID_130483095,ENTID_130483095
JP,RETAIL,JPHY,ENTID_14039686,0053x00000IINQXAA5,JP_708127-420004,,JP66040,2025-11-03,ENTID_14039686,ENTID_132181694,
JP,RETAIL,JPHY,ENTID_12592884,00580000004nLX1AAM,JP_708127-420004,,JP65844,2025-11-03,ENTID_12592884,ENTID_130318545,ENTID_130318545
JP,RETAIL,JPHY,ENTID_12799809,00580000004M3A9AAK,JP_708127-420004,,JP65845,2025-11-03,ENTID_12799809,ENTID_130526184,ENTID_130526184
JP,RETAIL,JPHY,ENTID_13840356,00534000008zILMAA2,JP_708127-420004,,JP65879,2025-11-03,ENTID_13840356,ENTID_131917973,
JP,RETAIL,JPHY,ENTID_14072400,0053x00000FRCKzAAP,JP_708127-420004,,JP65963,2025-11-03,ENTID_14072400,ENTID_132216582,
JP,RETAIL,JPCL,ENTID_12538483,00580000004owNQAAY,JP_708127-420004,,JP69906,2025-11-03,ENTID_12538483,ENTID_130264982,ENTID_130264982
JP,RETAIL,JPCL,ENTID_14353330,00580000004M39bAAC,JP_708127-420004,,JP69956,2025-11-03,ENTID_14353330,ENTID_132552033,
JP,RETAIL,JPHY,ENTID_13956446,00580000004MjpgAAC,JP_708127-420004,,JP65937,2025-11-03,ENTID_13956446,ENTID_132071264,
JP,RETAIL,JPHY,ENTID_12521108,0053x00000IIP3dAAH,JP_708127-420004,,JP66051,2025-11-03,ENTID_12521108,ENTID_130247942,ENTID_130247942
JP,RETAIL,JPCL,ENTID_13893272,00580000004M39bAAC,JP_708127-420004,,JP69956,2025-11-03,ENTID_13893272,ENTID_131992078,
JP,RETAIL,JPHY,ENTID_12707936,00580000004M38tAAC,JP_708127-420004,,JP65947,2025-11-03,ENTID_12707936,ENTID_130434151,ENTID_130434151
JP,RETAIL,JPHY,ENTID_12477205,00580000004M3MoAAK,JP_708127-420004,,JP66057,2025-11-03,ENTID_12477205,ENTID_130202028,ENTID_130202028
JP,RETAIL,JPHY,ENTID_12773907,00580000006YnCzAAK,JP_708127-420004,,JP65775,2025-11-03,ENTID_12773907,ENTID_130500407,ENTID_130500407
JP,RETAIL,JPHY,ENTID_12529086,00580000004M359AAC,JP_708127-420004,,JP65756,2025-11-03,ENTID_12529086,ENTID_130255173,ENTID_130255173
JP,RETAIL,JPCL,ENTID_14202459,00580000004owNQAAY,JP_708127-420004,,JP69906,2025-11-03,ENTID_14202459,ENTID_132385988,
JP,RETAIL,JPCL,ENTID_13544758,00580000004MHFrAAO,JP_708127-420004,,JP69955,2025-11-03,ENTID_13544758,ENTID_131547121,
JP,RETAIL,JPHY,ENTID_12555337,00580000004M38tAAC,JP_708127-420004,,JP65947,2025-11-03,ENTID_12555337,ENTID_130282678,ENTID_130282678
JP,RETAIL,JPHY,ENTID_76522281,00534000008zIL5AAM,JP_708127-420004,,JP66036,2025-11-03,ENTID_76522281,ENTID_132007072,
JP,RETAIL,JPCL,ENTID_13684695,00580000004M3JXAA0,JP_708127-420004,,JP69957,2025-11-03,ENTID_13684695,ENTID_131725046,
JP,RETAIL,JPCL,ENTID_12990395,00580000004owNQAAY,JP_708127-420004,,JP69906,2025-11-03,ENTID_12990395,ENTID_130767248,ENTID_130767248
JP,RETAIL,JPCL,ENTID_12602404,00580000004MHFrAAO,JP_708127-420004,,JP69955,2025-11-03,ENTID_12602404,ENTID_130328776,ENTID_130328776
JP,RETAIL,JPCL,ENTID_12698271,00580000004owNQAAY,JP_708127-420004,,JP69906,2025-11-03,ENTID_12698271,ENTID_130422401,ENTID_130422401
JP,RETAIL,JPHY,ENTID_12745833,00580000004M3F2AAK,JP_708127-420004,,JP65866,2025-11-03,ENTID_12745833,ENTID_130472336,ENTID_130472336
JP,RETAIL,JPCL,ENTID_12565234,00580000004MHFrAAO,JP_708127-420004,,JP69955,2025-11-03,ENTID_12565234,ENTID_130291472,ENTID_130291472
JP,RETAIL,JPCL,ENTID_12777625,00580000004M3JXAA0,JP_708127-420004,,JP69957,2025-11-03,ENTID_12777625,ENTID_130503730,ENTID_130503730
JP,RETAIL,JPCL,ENTID_12706600,00580000004M39bAAC,JP_708127-420004,,JP69956,2025-11-03,ENTID_12706600,ENTID_130431883,ENTID_130431883
JP,RETAIL,JPHY,ENTID_146728627,00580000004owNVAAY,JP_708127-420004,,JP66062,2025-11-03,ENTID_146728627,ENTID_146728627,
JP,RETAIL,JPHY,ENTID_19188167,00580000004M3STAA0,JP_708127-420004,,JP65957,2025-11-03,ENTID_19188167,ENTID_130539091,ENTID_130539091
JP,RETAIL,JPHY,ENTID_48722326,0053x00000FomVRAAZ,JP_708127-420004,,JP65951,2025-11-03,ENTID_48722326,ENTID_130789855,ENTID_130789855
JP,RETAIL,JPHY,ENTID_12627215,00580000004M3CxAAK,JP_708127-420004,,JP65788,2025-11-03,ENTID_12627215,ENTID_130353833,ENTID_130353833
JP,RETAIL,JPHY,ENTID_47420813,00580000006a3JsAAI,JP_708127-420004,,JP65869,2025-11-03,ENTID_47420813,ENTID_130913148,
JP,RETAIL,JPCL,ENTID_13734545,00580000004owNQAAY,JP_708127-420004,,JP69906,2025-11-03,ENTID_13734545,ENTID_131783181,
JP,RETAIL,JPCL,ENTID_12609352,00580000004owNQAAY,JP_708127-420004,,JP69906,2025-11-03,ENTID_12609352,ENTID_130334761,ENTID_130334761
JP,RETAIL,JPHY,ENTID_87666197,0053x00000FR2SMAA1,JP_708127-420004,,JP66074,2025-11-03,ENTID_87666197,ENTID_130562554,ENTID_130562554
JP,RETAIL,JPHY,ENTID_12496456,005VS0000062UUqYAM,JP_708127-420004,,JP66045,2025-11-03,ENTID_12496456,ENTID_130221742,ENTID_130221742
JP,RETAIL,JPCL,ENTID_13743232,00580000004M39bAAC,JP_708127-420004,,JP69956,2025-11-03,ENTID_13743232,ENTID_131790453,
JP,RETAIL,JPHY,ENTID_12559064,0053x00000HlK3GAAV,JP_708127-420004,,JP66066,2025-11-03,ENTID_12559064,ENTID_130283932,ENTID_130283932
JP,RETAIL,JPHY,ENTID_12444975,0053x00000HlK34AAF,JP_708127-420004,,JP65856,2025-11-03,ENTID_12444975,ENTID_130172928,ENTID_130172928
JP,RETAIL,JPCL,ENTID_14276178,00580000004owNQAAY,JP_708127-420004,,JP69906,2025-11-03,ENTID_14276178,ENTID_132481697,
