YEAR_MONTH,SOU_CD,SOU_NM,ALGNMNT_ID,ALGNMNT_ORDR,GLBL_ID,SYSTM_ID,HCO_CD,HCO_TYP,HCP_CD,KEY_DR_TYP,KEY_DR_TYP_DSCRPTN,APIMS_ID,PRDCT_GRP_ID,PRDCT_GRP_NM,INDCTN_ID,INDCTN_NM,BRND_VALUE,EPH_REFERENCE_ID,EPH_ENTERPRISE_ID,PRIMARY_AFFILIATE_EPH_REF_ID,PRIMARY_AFFILIATE_EPH_ENT_ID,DEPARTMENT,AISE_HCP_FLG,TARGET_VALUE,ENHANCED_ENTERPRISE_ID,ENHANCED_AFFILIATE_ENT_ID
11/01/2025,8,IM,JP65761,1460,3047438,L047438,ENTID_13499832,GP,ENTID_12680992,1,Sales Brand Key Dr.,708127,LJ500031,EBG,420004,アトピー性皮膚炎,EBG3,ENTID_12680992,ENTID_130407983,ENTID_13499832,ENTID_131480899,Retail,1,3,ENTID_130407983,ENTID_131480899
11/01/2025,8,IM,JP66049,1759,2149361,C149361,ENTID_14240337,HP,ENTID_12672619,1,Sales Brand Key Dr.,708127,LJ500031,EBG,420004,アトピー性皮膚炎,EBG3,ENTID_12672619,ENTID_130397577,ENTID_14240337,ENTID_132433280,Retail,1,3,ENTID_130397577,ENTID_132433280
11/01/2025,8,IM,JP66049,1759,2149361,C149361,ENTID_14240337,HP,ENTID_12649442,1,Sales Brand Key Dr.,708127,LJ500031,EBG,420004,アトピー性皮膚炎,EBG3,ENTID_12649442,ENTID_130376325,ENTID_14240337,ENTID_132433280,Retail,1,2,ENTID_130376325,ENTID_132433280
11/01/2025,8,IM,JP66301,1672,2059997,WJ10109,ENTID_14068822,HP,ENTID_12796633,1,Sales Brand Key Dr.,708127,LJ500031,EBG,420004,アトピー性皮膚炎,EBG3,ENTID_12796633,ENTID_130522613,ENTID_14068822,ENTID_132216108,Retail,0,3,ENTID_130522613,ENTID_132216108
11/01/2025,8,IM,JP66301,1672,2059997,WJ10109,ENTID_14068822,HP,ENTID_97544063,1,Sales Brand Key Dr.,708127,LJ500031,EBG,420004,アトピー性皮膚炎,EBG4,ENTID_97544063,ENTID_130576790,ENTID_14068822,ENTID_132216108,Retail,1,4,ENTID_130576790,ENTID_132216108
11/01/2025,8,IM,JP66266,1746,2143804,C143804,ENTID_13903195,HP,ENTID_87470963,1,Sales Brand Key Dr.,708127,LJ500031,EBG,420004,アトピー性皮膚炎,EBG3,ENTID_87470963,ENTID_130561295,ENTID_13903195,ENTID_132002226,Retail,0,3,ENTID_130561295,ENTID_132002226
11/01/2025,8,IM,JP65878,1585,2176031,C176031,ENTID_13838265,HP,ENTID_12690324,1,Sales Brand Key Dr.,708127,LJ500031,EBG,420004,アトピー性皮膚炎,EBG1,ENTID_12690324,ENTID_130416734,ENTID_13838265,ENTID_131917821,Retail,1,1,ENTID_130416734,ENTID_131917821
11/01/2025,8,IM,JP65878,1585,2176031,C176031,ENTID_13838265,HP,ENTID_88129403,1,Sales Brand Key Dr.,708127,LJ500031,EBG,420004,アトピー性皮膚炎,EBG2,ENTID_88129403,ENTID_130565690,ENTID_13838265,ENTID_131917821,Retail,1,3,ENTID_130565690,ENTID_131917821
11/01/2025,8,IM,JP65781,1483,2130461,C130461,ENTID_13682360,GP,ENTID_12578631,1,Sales Brand Key Dr.,708127,LJ500031,EBG,420004,アトピー性皮膚炎,EBG4,ENTID_12578631,ENTID_130304665,ENTID_13682360,ENTID_131723809,Retail,1,4,ENTID_130304665,ENTID_131723809
11/01/2025,8,IM,JP66076,1788,2150327,C150327,ENTID_14370136,GP,ENTID_12775699,1,Sales Brand Key Dr.,708127,LJ500031,EBG,420004,アトピー性皮膚炎,EBG3,ENTID_12775699,ENTID_130501268,ENTID_14370136,ENTID_132572891,Retail,1,3,ENTID_130501268,ENTID_132572891
11/01/2025,8,IM,JP66304,1779,3016579,L016579,ENTID_14284173,HP,ENTID_43662435,1,Sales Brand Key Dr.,708127,LJ500031,EBG,420004,アトピー性皮膚炎,EBG1,ENTID_43662435,ENTID_130546616,ENTID_14284173,ENTID_132491821,Retail,1,1,ENTID_130546616,ENTID_132491821
11/01/2025,8,IM,JP66304,1779,3016579,L016579,ENTID_14284173,HP,ENTID_12738521,1,Sales Brand Key Dr.,708127,LJ500031,EBG,420004,アトピー性皮膚炎,EBG1,ENTID_12738521,ENTID_130463990,ENTID_14284173,ENTID_132491821,Retail,1,1,ENTID_130463990,ENTID_132491821
11/01/2025,8,IM,JP66304,1779,3016579,L016579,ENTID_14284173,HP,ENTID_12804962,1,Sales Brand Key Dr.,708127,LJ500031,EBG,420004,アトピー性皮膚炎,EBG1,ENTID_12804962,ENTID_130531697,ENTID_14284173,ENTID_132491821,Retail,1,1,ENTID_130531697,ENTID_132491821
11/01/2025,8,IM,JP66304,1779,3016579,L016579,ENTID_14284173,HP,ENTID_78716109,1,Sales Brand Key Dr.,708127,LJ500031,EBG,420004,アトピー性皮膚炎,EBG2,ENTID_78716109,ENTID_130560347,ENTID_14284173,ENTID_132491821,Retail,1,3,ENTID_130560347,ENTID_132491821
11/01/2025,8,IM,JP65960,1674,2198556,C198556,ENTID_14174502,GP,ENTID_12765865,1,Sales Brand Key Dr.,708127,LJ500031,EBG,420004,アトピー性皮膚炎,EBG3,ENTID_12765865,ENTID_130492481,ENTID_14174502,ENTID_132350711,Retail,1,3,ENTID_130492481,ENTID_132350711
11/01/2025,8,IM,JP65937,1647,2158917,C158917,ENTID_13954942,GP,ENTID_12747673,1,Sales Brand Key Dr.,708127,LJ500031,EBG,420004,アトピー性皮膚炎,EBG1,ENTID_12747673,ENTID_130473436,ENTID_13954942,ENTID_132070123,Retail,1,1,ENTID_130473436,ENTID_132070123
11/01/2025,8,IM,JP65937,1647,2158917,C158917,ENTID_13954942,GP,ENTID_12413947,1,Sales Brand Key Dr.,708127,LJ500031,EBG,420004,アトピー性皮膚炎,EBG2,ENTID_12413947,ENTID_130141354,ENTID_13954942,ENTID_132070123,Retail,1,2,ENTID_130141354,ENTID_132070123
11/01/2025,8,IM,JP66065,1777,2157835,C157835,ENTID_14306217,GP,ENTID_12689453,1,Sales Brand Key Dr.,708127,LJ500031,EBG,420004,アトピー性皮膚炎,EBG3,ENTID_12689453,ENTID_130415042,ENTID_14306217,ENTID_132516562,Retail,1,3,ENTID_130415042,ENTID_132516562
11/01/2025,8,IM,JP65842,1548,2130364,C130364,ENTID_13882307,GP,ENTID_12508504,1,Sales Brand Key Dr.,708127,LJ500031,EBG,420004,アトピー性皮膚炎,EBG3,ENTID_12508504,ENTID_130234359,ENTID_13882307,ENTID_131976818,Retail,1,3,ENTID_130234359,ENTID_131976818
11/01/2025,8,IM,JP66298,1549,2174221,C174221,ENTID_13614283,HP,ENTID_95526391,1,Sales Brand Key Dr.,708127,LJ500031,EBG,420004,アトピー性皮膚炎,EBG3,ENTID_95526391,ENTID_130568893,ENTID_13614283,ENTID_131636488,Retail,0,3,ENTID_130568893,ENTID_131636488
11/01/2025,8,IM,JP66298,1549,2174221,C174221,ENTID_13614283,HP,ENTID_12592884,1,Sales Brand Key Dr.,708127,LJ500031,EBG,420004,アトピー性皮膚炎,EBG1,ENTID_12592884,ENTID_130318545,ENTID_13614283,ENTID_131636488,Retail,0,1,ENTID_130318545,ENTID_131636488
11/01/2025,8,IM,JP65776,1481,2125218,C125218,ENTID_13678221,HP,ENTID_12776940,1,Sales Brand Key Dr.,708127,LJ500031,EBG,420004,アトピー性皮膚炎,EBG3,ENTID_12776940,ENTID_130503374,ENTID_13678221,ENTID_131718240,Retail,1,2,ENTID_130503374,ENTID_131718240
11/01/2025,8,IM,JP65776,1481,2125218,C125218,ENTID_13678221,HP,ENTID_12692069,1,Sales Brand Key Dr.,708127,LJ500031,EBG,420004,アトピー性皮膚炎,EBG2,ENTID_12692069,ENTID_130418594,ENTID_13678221,ENTID_131718240,Retail,1,3,ENTID_130418594,ENTID_131718240
11/01/2025,8,IM,JP65862,1567,2117180,C117180,ENTID_13758121,GP,ENTID_12603978,1,Sales Brand Key Dr.,708127,LJ500031,EBG,420004,アトピー性皮膚炎,EBG1,ENTID_12603978,ENTID_130330724,ENTID_13758121,ENTID_131812482,Retail,1,1,ENTID_130330724,ENTID_131812482
11/01/2025,8,IM,JP65874,1582,2152292,C152292,ENTID_13832074,GP,ENTID_12699651,1,Sales Brand Key Dr.,708127,LJ500031,EBG,420004,アトピー性皮膚炎,EBG4,ENTID_12699651,ENTID_130426236,ENTID_13832074,ENTID_131910621,Retail,1,4,ENTID_130426236,ENTID_131910621
11/01/2025,8,IM,JP65872,1581,2149413,C149413,ENTID_13843149,GP,ENTID_12627495,1,Sales Brand Key Dr.,708127,LJ500031,EBG,420004,アトピー性皮膚炎,EBG2,ENTID_12627495,ENTID_130353307,ENTID_13843149,ENTID_131921531,Retail,0,3,ENTID_130353307,ENTID_131921531
11/01/2025,8,IM,JP65947,1659,2040956,WJ02261,ENTID_13986494,GP,ENTID_12563017,1,Sales Brand Key Dr.,708127,LJ500031,EBG,420004,アトピー性皮膚炎,EBG3,ENTID_12563017,ENTID_130288618,ENTID_13986494,ENTID_132122534,Retail,1,3,ENTID_130288618,ENTID_132122534
11/01/2025,8,IM,JP66064,1778,2203758,C203758,ENTID_14282506,HP,ENTID_113769467,1,Sales Brand Key Dr.,708127,LJ500031,EBG,420004,アトピー性皮膚炎,EBG2,ENTID_113769467,ENTID_130042651,ENTID_14282506,ENTID_132489876,Retail,1,3,ENTID_130042651,ENTID_132489876
11/01/2025,8,IM,JP66064,1778,2203758,C203758,ENTID_14282506,HP,ENTID_12758209,1,Sales Brand Key Dr.,708127,LJ500031,EBG,420004,アトピー性皮膚炎,EBG1,ENTID_12758209,ENTID_130483892,ENTID_14282506,ENTID_132489876,Retail,1,1,ENTID_130483892,ENTID_132489876
11/01/2025,8,IM,JP66064,1778,2203758,C203758,ENTID_14282506,HP,ENTID_12788457,1,Sales Brand Key Dr.,708127,LJ500031,EBG,420004,アトピー性皮膚炎,EBG1,ENTID_12788457,ENTID_130515341,ENTID_14282506,ENTID_132489876,Retail,1,1,ENTID_130515341,ENTID_132489876
11/01/2025,8,IM,JP66064,1778,2203758,C203758,ENTID_14282506,HP,ENTID_87981849,1,Sales Brand Key Dr.,708127,LJ500031,EBG,420004,アトピー性皮膚炎,EBG2,ENTID_87981849,ENTID_130564547,ENTID_14282506,ENTID_132489876,Retail,1,2,ENTID_130564547,ENTID_132489876
11/01/2025,8,IM,JP66064,1778,2203758,C203758,ENTID_14282506,HP,ENTID_105461570,1,Sales Brand Key Dr.,708127,LJ500031,EBG,420004,アトピー性皮膚炎,EBG1,ENTID_105461570,ENTID_130034775,ENTID_14282506,ENTID_132489876,Retail,1,1,ENTID_130034775,ENTID_132489876
11/01/2025,8,IM,JP65948,1656,2056870,WJ10062,ENTID_13994352,GP,ENTID_12679283,1,Sales Brand Key Dr.,708127,LJ500031,EBG,420004,アトピー性皮膚炎,EBG3,ENTID_12679283,ENTID_130403645,ENTID_13994352,ENTID_132118477,Retail,0,3,ENTID_130403645,ENTID_132118477
11/01/2025,8,IM,JP65948,1656,2056870,WJ10062,ENTID_13994352,GP,ENTID_12640524,1,Sales Brand Key Dr.,708127,LJ500031,EBG,420004,アトピー性皮膚炎,EBG3,ENTID_12640524,ENTID_130367398,ENTID_13994352,ENTID_132118477,Retail,1,2,ENTID_130367398,ENTID_132118477
11/01/2025,8,IM,JP65876,1583,2056868,WJ10060,ENTID_13820673,HP,ENTID_12598020,1,Sales Brand Key Dr.,708127,LJ500031,EBG,420004,アトピー性皮膚炎,EBG2,ENTID_12598020,ENTID_130324226,ENTID_13820673,ENTID_131898411,Retail,1,3,ENTID_130324226,ENTID_131898411
11/01/2025,8,IM,JP65876,1583,2056868,WJ10060,ENTID_13820673,HP,ENTID_12774176,1,Sales Brand Key Dr.,708127,LJ500031,EBG,420004,アトピー性皮膚炎,EBG2,ENTID_12774176,ENTID_130500238,ENTID_13820673,ENTID_131898411,Retail,0,2,ENTID_130500238,ENTID_131898411
11/01/2025,8,IM,JP65876,1583,2056868,WJ10060,ENTID_13820673,HP,ENTID_113772590,1,Sales Brand Key Dr.,708127,LJ500031,EBG,420004,アトピー性皮膚炎,EBG2,ENTID_113772590,ENTID_130046244,ENTID_13820673,ENTID_131898411,Retail,1,3,ENTID_130046244,ENTID_131898411
11/01/2025,8,IM,JP66046,1764,2153309,C153309,ENTID_14202508,HP,ENTID_12651806,1,Sales Brand Key Dr.,708127,LJ500031,EBG,420004,アトピー性皮膚炎,EBG3,ENTID_12651806,ENTID_130378250,ENTID_14202508,ENTID_132386436,Retail,1,3,ENTID_130378250,ENTID_132386436
11/01/2025,8,IM,JP66063,1776,3069099,L069099,ENTID_14379434,HP,ENTID_12569859,1,Sales Brand Key Dr.,708127,LJ500031,EBG,420004,アトピー性皮膚炎,EBG3,ENTID_12569859,ENTID_130296338,ENTID_14379434,ENTID_132586579,Retail,0,3,ENTID_130296338,ENTID_132586579
11/01/2025,8,IM,JP66062,1782,123249,WJ01398,ENTID_14288995,GP,ENTID_12494704,1,Sales Brand Key Dr.,708127,LJ500031,EBG,420004,アトピー性皮膚炎,EBG3,ENTID_12494704,ENTID_130221123,ENTID_14288995,ENTID_132495746,Retail,1,3,ENTID_130221123,ENTID_132495746
11/01/2025,8,IM,JP65956,1670,2144371,C144371,ENTID_14063785,HP,ENTID_12526835,1,Sales Brand Key Dr.,708127,LJ500031,EBG,420004,アトピー性皮膚炎,EBG3,ENTID_12526835,ENTID_130252132,ENTID_14063785,ENTID_132252134,Retail,1,2,ENTID_130252132,ENTID_132252134
11/01/2025,8,IM,JP65956,1670,2144371,C144371,ENTID_14063785,HP,ENTID_12678183,1,Sales Brand Key Dr.,708127,LJ500031,EBG,420004,アトピー性皮膚炎,EBG3,ENTID_12678183,ENTID_130404911,ENTID_14063785,ENTID_132252134,Retail,1,3,ENTID_130404911,ENTID_132252134
11/01/2025,8,IM,JP65956,1670,2144371,C144371,ENTID_14063785,HP,ENTID_95565082,1,Sales Brand Key Dr.,708127,LJ500031,EBG,420004,アトピー性皮膚炎,EBG3,ENTID_95565082,ENTID_130570751,ENTID_14063785,ENTID_132252134,Retail,1,4,ENTID_130570751,ENTID_132252134
11/01/2025,8,IM,JP65956,1670,2144371,C144371,ENTID_14063785,HP,ENTID_12780231,1,Sales Brand Key Dr.,708127,LJ500031,EBG,420004,アトピー性皮膚炎,EBG3,ENTID_12780231,ENTID_130506971,ENTID_14063785,ENTID_132252134,Retail,1,2,ENTID_130506971,ENTID_132252134
11/01/2025,8,IM,JP65956,1670,2144371,C144371,ENTID_14063785,HP,ENTID_12636420,1,Sales Brand Key Dr.,708127,LJ500031,EBG,420004,アトピー性皮膚炎,EBG3,ENTID_12636420,ENTID_130363057,ENTID_14063785,ENTID_132252134,Retail,1,2,ENTID_130363057,ENTID_132252134
11/01/2025,8,IM,JP65969,1679,3069097,L069097,ENTID_134851934,GP,ENTID_12717100,1,Sales Brand Key Dr.,708127,LJ500031,EBG,420004,アトピー性皮膚炎,EBG3,ENTID_12717100,ENTID_130444857,ENTID_134851934,ENTID_134851934,Retail,1,3,ENTID_130444857,ENTID_134851934
11/01/2025,8,IM,JP65854,1564,2121343,C121343,ENTID_120008957,GP,ENTID_12784567,1,Sales Brand Key Dr.,708127,LJ500031,EBG,420004,アトピー性皮膚炎,EBG2,ENTID_12784567,ENTID_130510473,ENTID_120008957,ENTID_131209848,Retail,1,2,ENTID_130510473,ENTID_131209848
11/01/2025,8,IM,JP65959,1669,127998,WJ01631,ENTID_14095516,GP,ENTID_12661945,1,Sales Brand Key Dr.,708127,LJ500031,EBG,420004,アトピー性皮膚炎,EBG3,ENTID_12661945,ENTID_130387925,ENTID_14095516,ENTID_132247203,Retail,1,3,ENTID_130387925,ENTID_132247203
11/01/2025,8,IM,JP65959,1669,127998,WJ01631,ENTID_14095516,GP,ENTID_12485881,1,Sales Brand Key Dr.,708127,LJ500031,EBG,420004,アトピー性皮膚炎,EBG3,ENTID_12485881,ENTID_130213816,ENTID_14095516,ENTID_132247203,Retail,1,3,ENTID_130213816,ENTID_132247203
11/01/2025,8,IM,JP66040,1754,3065806,L065806,ENTID_14053133,GP,ENTID_12517268,1,Sales Brand Key Dr.,708127,LJ500031,EBG,420004,アトピー性皮膚炎,EBG1,ENTID_12517268,ENTID_130241755,ENTID_14053133,ENTID_132195659,Retail,1,1,ENTID_130241755,ENTID_132195659
11/01/2025,8,IM,JP65842,1548,2130364,C130364,ENTID_13880618,HP,ENTID_12729581,1,Sales Brand Key Dr.,708127,LJ500031,EBG,420004,アトピー性皮膚炎,EBG4,ENTID_12729581,ENTID_130455786,ENTID_13880618,ENTID_131980484,Retail,1,4,ENTID_130455786,ENTID_131980484
11/01/2025,8,IM,JP65861,1568,2126544,C126544,ENTID_13759986,GP,ENTID_12641330,1,Sales Brand Key Dr.,708127,LJ500031,EBG,420004,アトピー性皮膚炎,EBG2,ENTID_12641330,ENTID_130366546,ENTID_13759986,ENTID_131811981,Retail,1,3,ENTID_130366546,ENTID_131811981
11/01/2025,8,IM,JP66057,1770,2130380,C130380,ENTID_14137715,HP,ENTID_12519356,1,Sales Brand Key Dr.,708127,LJ500031,EBG,420004,アトピー性皮膚炎,EBG3,ENTID_12519356,ENTID_130245823,ENTID_14137715,ENTID_132320632,Retail,1,3,ENTID_130245823,ENTID_132320632
11/01/2025,8,IM,JP65764,1470,3048576,L048576,ENTID_13518751,HP,ENTID_12540397,1,Sales Brand Key Dr.,708127,LJ500031,EBG,420004,アトピー性皮膚炎,EBG2,ENTID_12540397,ENTID_130267433,ENTID_13518751,ENTID_131511105,Retail,1,2,ENTID_130267433,ENTID_131511105
11/01/2025,8,IM,JP65937,1647,2158917,C158917,ENTID_13951370,HP,ENTID_12612184,1,Sales Brand Key Dr.,708127,LJ500031,EBG,420004,アトピー性皮膚炎,EBG1,ENTID_12612184,ENTID_130338978,ENTID_13951370,ENTID_132064431,Retail,0,1,ENTID_130338978,ENTID_132064431
11/01/2025,8,IM,JP65937,1647,2158917,C158917,ENTID_13951370,HP,ENTID_12656586,1,Sales Brand Key Dr.,708127,LJ500031,EBG,420004,アトピー性皮膚炎,EBG1,ENTID_12656586,ENTID_130384198,ENTID_13951370,ENTID_132064431,Retail,0,1,ENTID_130384198,ENTID_132064431
11/01/2025,8,IM,JP65937,1647,2158917,C158917,ENTID_13951370,HP,ENTID_76515481,1,Sales Brand Key Dr.,708127,LJ500031,EBG,420004,アトピー性皮膚炎,EBG2,ENTID_76515481,ENTID_130557906,ENTID_13951370,ENTID_132064431,Retail,1,3,ENTID_130557906,ENTID_132064431
11/01/2025,8,IM,JP66300,1574,2108532,C108532,ENTID_13723731,HP,ENTID_45030956,1,Sales Brand Key Dr.,708127,LJ500031,EBG,420004,アトピー性皮膚炎,EBG2,ENTID_45030956,ENTID_130553148,ENTID_13723731,ENTID_131773005,Retail,1,2,ENTID_130553148,ENTID_131773005
11/01/2025,8,IM,JP66300,1574,2108532,C108532,ENTID_13723731,HP,ENTID_88129387,1,Sales Brand Key Dr.,708127,LJ500031,EBG,420004,アトピー性皮膚炎,EBG2,ENTID_88129387,ENTID_130565700,ENTID_13723731,ENTID_131773005,Retail,1,3,ENTID_130565700,ENTID_131773005
11/01/2025,8,IM,JP66300,1574,2108532,C108532,ENTID_13723731,HP,ENTID_12723699,1,Sales Brand Key Dr.,708127,LJ500031,EBG,420004,アトピー性皮膚炎,EBG2,ENTID_12723699,ENTID_130450335,ENTID_13723731,ENTID_131773005,Retail,1,2,ENTID_130450335,ENTID_131773005
11/01/2025,8,IM,JP66300,1574,2108532,C108532,ENTID_13723731,HP,ENTID_113772988,1,Sales Brand Key Dr.,708127,LJ500031,EBG,420004,アトピー性皮膚炎,EBG2,ENTID_113772988,ENTID_130046533,ENTID_13723731,ENTID_131773005,Retail,1,2,ENTID_130046533,ENTID_131773005
11/01/2025,8,IM,JP66300,1574,2108532,C108532,ENTID_13723731,HP,ENTID_105456412,1,Sales Brand Key Dr.,708127,LJ500031,EBG,420004,アトピー性皮膚炎,EBG2,ENTID_105456412,ENTID_130029343,ENTID_13723731,ENTID_131773005,Retail,1,3,ENTID_130029343,ENTID_131773005
11/01/2025,8,IM,JP66300,1574,2108532,C108532,ENTID_13723731,HP,ENTID_12586408,1,Sales Brand Key Dr.,708127,LJ500031,EBG,420004,アトピー性皮膚炎,EBG1,ENTID_12586408,ENTID_130312084,ENTID_13723731,ENTID_131773005,Retail,1,1,ENTID_130312084,ENTID_131773005
11/01/2025,8,IM,JP65951,1658,3015212,L015212,ENTID_13939850,GP,ENTID_12693404,1,Sales Brand Key Dr.,708127,LJ500031,EBG,420004,アトピー性皮膚炎,EBG3,ENTID_12693404,ENTID_130419132,ENTID_13939850,ENTID_132049457,Retail,1,3,ENTID_130419132,ENTID_132049457
11/01/2025,8,IM,JP66059,1771,2143014,C143014,ENTID_14150394,GP,ENTID_12617036,1,Sales Brand Key Dr.,708127,LJ500031,EBG,420004,アトピー性皮膚炎,EBG3,ENTID_12617036,ENTID_130343108,ENTID_14150394,ENTID_132316469,Retail,1,4,ENTID_130343108,ENTID_132316469
11/01/2025,8,IM,JP65963,1668,3026749,L026749,ENTID_14079777,HP,ENTID_12637127,1,Sales Brand Key Dr.,708127,LJ500031,EBG,420004,アトピー性皮膚炎,EBG4,ENTID_12637127,ENTID_130362682,ENTID_14079777,ENTID_132227831,Retail,1,4,ENTID_130362682,ENTID_132227831
11/01/2025,8,IM,JP65784,1488,2012915,WJ01835,ENTID_13601331,GP,ENTID_12591201,1,Sales Brand Key Dr.,708127,LJ500031,EBG,420004,アトピー性皮膚炎,EBG1,ENTID_12591201,ENTID_130317478,ENTID_13601331,ENTID_131619063,Retail,0,1,ENTID_130317478,ENTID_131619063
11/01/2025,8,IM,JP65784,1488,2012915,WJ01835,ENTID_13601331,GP,ENTID_12593847,1,Sales Brand Key Dr.,708127,LJ500031,EBG,420004,アトピー性皮膚炎,EBG1,ENTID_12593847,ENTID_130320238,ENTID_13601331,ENTID_131619063,Retail,0,1,ENTID_130320238,ENTID_131619063
11/01/2025,8,IM,JP65845,1551,2014583,WJ01884,ENTID_13921536,GP,ENTID_12592742,1,Sales Brand Key Dr.,708127,LJ500031,EBG,420004,アトピー性皮膚炎,EBG3,ENTID_12592742,ENTID_130319093,ENTID_13921536,ENTID_132029521,Retail,1,3,ENTID_130319093,ENTID_132029521
11/01/2025,8,IM,JP65784,1488,2012915,WJ01835,ENTID_13607213,HP,ENTID_105458021,1,Sales Brand Key Dr.,708127,LJ500031,EBG,420004,アトピー性皮膚炎,EBG2,ENTID_105458021,ENTID_130031099,ENTID_13607213,ENTID_131623235,Retail,1,2,ENTID_130031099,ENTID_131623235
11/01/2025,8,IM,JP65784,1488,2012915,WJ01835,ENTID_13607213,HP,ENTID_12796779,1,Sales Brand Key Dr.,708127,LJ500031,EBG,420004,アトピー性皮膚炎,EBG2,ENTID_12796779,ENTID_130523686,ENTID_13607213,ENTID_131623235,Retail,1,2,ENTID_130523686,ENTID_131623235
11/01/2025,8,IM,JP65784,1488,2012915,WJ01835,ENTID_13607213,HP,ENTID_106175792,1,Sales Brand Key Dr.,708127,LJ500031,EBG,420004,アトピー性皮膚炎,EBG1,ENTID_106175792,ENTID_130038148,ENTID_13607213,ENTID_131623235,Retail,1,1,ENTID_130038148,ENTID_131623235
11/01/2025,8,IM,JP65784,1488,2012915,WJ01835,ENTID_13607213,HP,ENTID_12784913,1,Sales Brand Key Dr.,708127,LJ500031,EBG,420004,アトピー性皮膚炎,EBG1,ENTID_12784913,ENTID_130510313,ENTID_13607213,ENTID_131623235,Retail,0,1,ENTID_130510313,ENTID_131623235
11/01/2025,8,IM,JP66066,1781,3048971,L048971,ENTID_14414476,GP,ENTID_12406921,1,Sales Brand Key Dr.,708127,LJ500031,EBG,420004,アトピー性皮膚炎,EBG3,ENTID_12406921,ENTID_130133139,ENTID_14414476,ENTID_132631285,Retail,1,3,ENTID_130133139,ENTID_132631285
11/01/2025,8,IM,JP65765,1467,118055,WJ01282,ENTID_13555535,GP,ENTID_12665661,1,Sales Brand Key Dr.,708127,LJ500031,EBG,420004,アトピー性皮膚炎,EBG1,ENTID_12665661,ENTID_130391874,ENTID_13555535,ENTID_131560574,Retail,0,1,ENTID_130391874,ENTID_131560574
11/01/2025,8,IM,JP65867,1576,3014461,L014461,ENTID_13732993,HP,ENTID_20030800,1,Sales Brand Key Dr.,708127,LJ500031,EBG,420004,アトピー性皮膚炎,EBG3,ENTID_20030800,ENTID_130542804,ENTID_13732993,ENTID_131781407,Retail,1,3,ENTID_130542804,ENTID_131781407
11/01/2025,8,IM,JP65867,1576,3014461,L014461,ENTID_13732993,HP,ENTID_12673736,1,Sales Brand Key Dr.,708127,LJ500031,EBG,420004,アトピー性皮膚炎,EBG3,ENTID_12673736,ENTID_130400471,ENTID_13732993,ENTID_131781407,Retail,1,4,ENTID_130400471,ENTID_131781407
11/01/2025,8,IM,JP66058,1772,2183816,C183816,ENTID_14140353,GP,ENTID_12694351,1,Sales Brand Key Dr.,708127,LJ500031,EBG,420004,アトピー性皮膚炎,EBG3,ENTID_12694351,ENTID_130420170,ENTID_14140353,ENTID_132305212,Retail,1,3,ENTID_130420170,ENTID_132305212
11/01/2025,8,IM,JP65938,1649,3035127,L035127,ENTID_13952136,HP,ENTID_87967348,1,Sales Brand Key Dr.,708127,LJ500031,EBG,420004,アトピー性皮膚炎,EBG2,ENTID_87967348,ENTID_130564175,ENTID_13952136,ENTID_132066388,Retail,1,3,ENTID_130564175,ENTID_132066388
11/01/2025,8,IM,JP65938,1649,3035127,L035127,ENTID_13952136,HP,ENTID_12624245,1,Sales Brand Key Dr.,708127,LJ500031,EBG,420004,アトピー性皮膚炎,EBG1,ENTID_12624245,ENTID_130350540,ENTID_13952136,ENTID_132066388,Retail,1,1,ENTID_130350540,ENTID_132066388
11/01/2025,8,IM,JP65938,1649,3035127,L035127,ENTID_13952136,HP,ENTID_12635287,1,Sales Brand Key Dr.,708127,LJ500031,EBG,420004,アトピー性皮膚炎,EBG2,ENTID_12635287,ENTID_130361721,ENTID_13952136,ENTID_132066388,Retail,1,3,ENTID_130361721,ENTID_132066388
11/01/2025,8,IM,JP65864,1571,2182707,C182707,ENTID_13719038,HP,ENTID_12586739,1,Sales Brand Key Dr.,708127,LJ500031,EBG,420004,アトピー性皮膚炎,EBG1,ENTID_12586739,ENTID_130313320,ENTID_13719038,ENTID_131768014,Retail,0,1,ENTID_130313320,ENTID_131768014
11/01/2025,8,IM,JP65864,1571,2182707,C182707,ENTID_13719038,HP,ENTID_12667020,1,Sales Brand Key Dr.,708127,LJ500031,EBG,420004,アトピー性皮膚炎,EBG1,ENTID_12667020,ENTID_130394029,ENTID_13719038,ENTID_131768014,Retail,0,1,ENTID_130394029,ENTID_131768014
11/01/2025,8,IM,JP65864,1571,2182707,C182707,ENTID_13719038,HP,ENTID_12747287,1,Sales Brand Key Dr.,708127,LJ500031,EBG,420004,アトピー性皮膚炎,EBG1,ENTID_12747287,ENTID_130472180,ENTID_13719038,ENTID_131768014,Retail,0,1,ENTID_130472180,ENTID_131768014
11/01/2025,8,IM,JP65864,1571,2182707,C182707,ENTID_13719038,HP,ENTID_12768324,1,Sales Brand Key Dr.,708127,LJ500031,EBG,420004,アトピー性皮膚炎,EBG1,ENTID_12768324,ENTID_130493816,ENTID_13719038,ENTID_131768014,Retail,1,1,ENTID_130493816,ENTID_131768014
11/01/2025,8,IM,JP65759,1464,2183828,C183828,ENTID_13492944,GP,ENTID_12588920,1,Sales Brand Key Dr.,708127,LJ500031,EBG,420004,アトピー性皮膚炎,EBG3,ENTID_12588920,ENTID_130316122,ENTID_13492944,ENTID_131475504,Retail,0,3,ENTID_130316122,ENTID_131475504
11/01/2025,8,IM,JP65862,1567,2117180,C117180,ENTID_13758628,GP,ENTID_12686692,1,Sales Brand Key Dr.,708127,LJ500031,EBG,420004,アトピー性皮膚炎,EBG3,ENTID_12686692,ENTID_130413302,ENTID_13758628,ENTID_131809303,Retail,1,3,ENTID_130413302,ENTID_131809303
11/01/2025,8,IM,JP65756,1461,123152,WJ01483,ENTID_13475889,GP,ENTID_12578926,1,Sales Brand Key Dr.,708127,LJ500031,EBG,420004,アトピー性皮膚炎,EBG2,ENTID_12578926,ENTID_130305250,ENTID_13475889,ENTID_131459206,Retail,0,2,ENTID_130305250,ENTID_131459206
11/01/2025,8,IM,JP65766,1469,2150309,V5X0309,ENTID_13530877,GP,ENTID_12433192,1,Sales Brand Key Dr.,708127,LJ500031,EBG,420004,アトピー性皮膚炎,EBG4,ENTID_12433192,ENTID_130158646,ENTID_13530877,ENTID_131526423,Retail,1,4,ENTID_130158646,ENTID_131526423
11/01/2025,8,IM,JP66062,1782,123249,WJ01398,ENTID_87925223,GP,ENTID_12681881,1,Sales Brand Key Dr.,708127,LJ500031,EBG,420004,アトピー性皮膚炎,EBG3,ENTID_12681881,ENTID_130405857,ENTID_87925223,ENTID_132517739,Retail,1,3,ENTID_130405857,ENTID_132517739
11/01/2025,8,IM,JP65956,1670,2144371,C144371,ENTID_19125906,GP,ENTID_12660437,1,Sales Brand Key Dr.,708127,LJ500031,EBG,420004,アトピー性皮膚炎,EBG3,ENTID_12660437,ENTID_130387570,ENTID_19125906,ENTID_132251892,Retail,1,2,ENTID_130387570,ENTID_132251892
11/01/2025,8,IM,JP65966,1680,2229755,C229755,ENTID_14251232,HP,ENTID_12494580,1,Sales Brand Key Dr.,708127,LJ500031,EBG,420004,アトピー性皮膚炎,EBG3,ENTID_12494580,ENTID_130221879,ENTID_14251232,ENTID_132452687,Retail,1,2,ENTID_130221879,ENTID_132452687
11/01/2025,8,IM,JP65785,1489,2199242,C199242,ENTID_13608082,GP,ENTID_12675537,1,Sales Brand Key Dr.,708127,LJ500031,EBG,420004,アトピー性皮膚炎,EBG3,ENTID_12675537,ENTID_130400626,ENTID_13608082,ENTID_131626364,Retail,1,3,ENTID_130400626,ENTID_131626364
11/01/2025,8,IM,JP66062,1782,123249,WJ01398,ENTID_87419784,GP,ENTID_12695550,1,Sales Brand Key Dr.,708127,LJ500031,EBG,420004,アトピー性皮膚炎,EBG3,ENTID_12695550,ENTID_130421650,ENTID_87419784,ENTID_132517741,Retail,0,2,ENTID_130421650,ENTID_132517741
11/01/2025,8,IM,JP66040,1754,3065806,L065806,ENTID_14051487,GP,ENTID_12594454,1,Sales Brand Key Dr.,708127,LJ500031,EBG,420004,アトピー性皮膚炎,EBG3,ENTID_12594454,ENTID_130319935,ENTID_14051487,ENTID_132193970,Retail,1,3,ENTID_130319935,ENTID_132193970
11/01/2025,8,IM,JP66303,1773,3069116,L069116,ENTID_14152690,GP,ENTID_12552886,1,Sales Brand Key Dr.,708127,LJ500031,EBG,420004,アトピー性皮膚炎,EBG3,ENTID_12552886,ENTID_130279660,ENTID_14152690,ENTID_132318302,Retail,1,3,ENTID_130279660,ENTID_132318302
11/01/2025,8,IM,JP66303,1773,3069116,L069116,ENTID_14152690,GP,ENTID_12617020,1,Sales Brand Key Dr.,708127,LJ500031,EBG,420004,アトピー性皮膚炎,EBG3,ENTID_12617020,ENTID_130343143,ENTID_14152690,ENTID_132318302,Retail,1,3,ENTID_130343143,ENTID_132318302
11/01/2025,8,IM,JP66299,1557,2121212,C121212,ENTID_134336505,GP,ENTID_12776688,1,Sales Brand Key Dr.,708127,LJ500031,EBG,420004,アトピー性皮膚炎,EBG3,ENTID_12776688,ENTID_130502550,ENTID_134336505,ENTID_134336505,Retail,1,4,ENTID_130502550,ENTID_134336505
11/01/2025,8,IM,JP65961,1667,2149355,C149355,ENTID_14083988,GP,ENTID_12757643,1,Sales Brand Key Dr.,708127,LJ500031,EBG,420004,アトピー性皮膚炎,EBG3,ENTID_12757643,ENTID_130484792,ENTID_14083988,ENTID_132231364,Retail,1,3,ENTID_130484792,ENTID_132231364
11/01/2025,8,IM,JP66303,1773,3069116,L069116,ENTID_14142135,GP,ENTID_12723561,1,Sales Brand Key Dr.,708127,LJ500031,EBG,420004,アトピー性皮膚炎,EBG3,ENTID_12723561,ENTID_130449965,ENTID_14142135,ENTID_132306916,Retail,1,2,ENTID_130449965,ENTID_132306916
11/01/2025,8,IM,JP65941,1653,3023028,L023028,ENTID_13986384,GP,ENTID_12513135,1,Sales Brand Key Dr.,708127,LJ500031,EBG,420004,アトピー性皮膚炎,EBG3,ENTID_12513135,ENTID_130238851,ENTID_13986384,ENTID_132110023,Retail,1,3,ENTID_130238851,ENTID_132110023
11/01/2025,8,IM,JP65867,1576,3014461,L014461,ENTID_13750946,GP,ENTID_12603598,1,Sales Brand Key Dr.,708127,LJ500031,EBG,420004,アトピー性皮膚炎,EBG1,ENTID_12603598,ENTID_130332329,ENTID_13750946,ENTID_131801786,Retail,1,1,ENTID_130332329,ENTID_131801786
11/01/2025,8,IM,JP65867,1576,3014461,L014461,ENTID_13750946,GP,ENTID_12606062,1,Sales Brand Key Dr.,708127,LJ500031,EBG,420004,アトピー性皮膚炎,EBG1,ENTID_12606062,ENTID_130329697,ENTID_13750946,ENTID_131801786,Retail,1,1,ENTID_130329697,ENTID_131801786
11/01/2025,8,IM,JP65949,1661,,,ENTID_13975010,GP,ENTID_12448259,1,Sales Brand Key Dr.,708127,LJ500031,EBG,420004,アトピー性皮膚炎,EBG3,ENTID_12448259,ENTID_130174699,ENTID_13975010,ENTID_132096009,Retail,0,3,ENTID_130174699,ENTID_132096009
11/01/2025,8,IM,JP66062,1782,123249,WJ01398,ENTID_126353464,GP,ENTID_12698177,1,Sales Brand Key Dr.,708127,LJ500031,EBG,420004,アトピー性皮膚炎,EBG3,ENTID_12698177,ENTID_130422427,ENTID_126353464,ENTID_131276725,Retail,1,3,ENTID_130422427,ENTID_131276725
11/01/2025,8,IM,JP65851,1559,2079935,C079935,ENTID_13754313,GP,ENTID_12764874,1,Sales Brand Key Dr.,708127,LJ500031,EBG,420004,アトピー性皮膚炎,EBG3,ENTID_12764874,ENTID_130490675,ENTID_13754313,ENTID_131805861,Retail,1,4,ENTID_130490675,ENTID_131805861
11/01/2025,8,IM,JP65758,1459,2148499,V4X8499,ENTID_13497542,GP,ENTID_12648605,1,Sales Brand Key Dr.,708127,LJ500031,EBG,420004,アトピー性皮膚炎,EBG3,ENTID_12648605,ENTID_130375185,ENTID_13497542,ENTID_131484549,Retail,1,3,ENTID_130375185,ENTID_131484549
11/01/2025,8,IM,JP66051,1757,3065304,L065304,ENTID_43599045,GP,ENTID_12678722,1,Sales Brand Key Dr.,708127,LJ500031,EBG,420004,アトピー性皮膚炎,EBG2,ENTID_12678722,ENTID_130405760,ENTID_43599045,ENTID_132419840,Retail,1,2,ENTID_130405760,ENTID_132419840
11/01/2025,8,IM,JP66070,1785,103251,WJ01017,ENTID_14390149,GP,ENTID_12731057,1,Sales Brand Key Dr.,708127,LJ500031,EBG,420004,アトピー性皮膚炎,EBG4,ENTID_12731057,ENTID_130457101,ENTID_14390149,ENTID_132598559,Retail,1,4,ENTID_130457101,ENTID_132598559
11/01/2025,8,IM,JP66070,1785,103251,WJ01017,ENTID_14390149,GP,ENTID_12689485,1,Sales Brand Key Dr.,708127,LJ500031,EBG,420004,アトピー性皮膚炎,EBG3,ENTID_12689485,ENTID_130415014,ENTID_14390149,ENTID_132598559,Retail,1,3,ENTID_130415014,ENTID_132598559
11/01/2025,8,IM,JP66070,1785,103251,WJ01017,ENTID_14390149,GP,ENTID_12495011,1,Sales Brand Key Dr.,708127,LJ500031,EBG,420004,アトピー性皮膚炎,EBG3,ENTID_12495011,ENTID_130221704,ENTID_14390149,ENTID_132598559,Retail,1,2,ENTID_130221704,ENTID_132598559
11/01/2025,8,IM,JP66266,1746,2143804,C143804,ENTID_13893959,HP,ENTID_12747546,1,Sales Brand Key Dr.,708127,LJ500031,EBG,420004,アトピー性皮膚炎,EBG3,ENTID_12747546,ENTID_130473562,ENTID_13893959,ENTID_131992788,Retail,1,2,ENTID_130473562,ENTID_131992788
11/01/2025,8,IM,JP65951,1658,3015212,L015212,ENTID_13942999,GP,ENTID_12668490,1,Sales Brand Key Dr.,708127,LJ500031,EBG,420004,アトピー性皮膚炎,EBG3,ENTID_12668490,ENTID_130394952,ENTID_13942999,ENTID_132053225,Retail,0,3,ENTID_130394952,ENTID_132053225
11/01/2025,8,IM,JP65770,1473,2108641,C108641,ENTID_13574607,GP,ENTID_12603689,1,Sales Brand Key Dr.,708127,LJ500031,EBG,420004,アトピー性皮膚炎,EBG1,ENTID_12603689,ENTID_130330047,ENTID_13574607,ENTID_131585331,Retail,1,1,ENTID_130330047,ENTID_131585331
11/01/2025,8,IM,JP65756,1461,123152,WJ01483,ENTID_13477103,HP,ENTID_12528237,1,Sales Brand Key Dr.,708127,LJ500031,EBG,420004,アトピー性皮膚炎,EBG1,ENTID_12528237,ENTID_130253554,ENTID_13477103,ENTID_131459777,Retail,0,1,ENTID_130253554,ENTID_131459777
11/01/2025,8,IM,JP66298,1549,2174221,C174221,ENTID_13617448,HP,ENTID_12637952,1,Sales Brand Key Dr.,708127,LJ500031,EBG,420004,アトピー性皮膚炎,EBG2,ENTID_12637952,ENTID_130364766,ENTID_13617448,ENTID_131637280,Retail,1,2,ENTID_130364766,ENTID_131637280
11/01/2025,8,IM,JP65967,1681,3093103,L093103,ENTID_14276600,HP,ENTID_12573810,1,Sales Brand Key Dr.,708127,LJ500031,EBG,420004,アトピー性皮膚炎,EBG3,ENTID_12573810,ENTID_130298912,ENTID_14276600,ENTID_132482146,Retail,1,3,ENTID_130298912,ENTID_132482146
11/01/2025,8,IM,JP66050,1758,103276,WJ01042,ENTID_14216369,HP,ENTID_12752478,1,Sales Brand Key Dr.,708127,LJ500031,EBG,420004,アトピー性皮膚炎,EBG3,ENTID_12752478,ENTID_130479008,ENTID_14216369,ENTID_132404480,Retail,1,3,ENTID_130479008,ENTID_132404480
11/01/2025,8,IM,JP66076,1788,2150327,C150327,ENTID_14369465,HP,ENTID_12495028,1,Sales Brand Key Dr.,708127,LJ500031,EBG,420004,アトピー性皮膚炎,EBG3,ENTID_12495028,ENTID_130221745,ENTID_14369465,ENTID_132572123,Retail,1,4,ENTID_130221745,ENTID_132572123
11/01/2025,8,IM,JP65779,1482,2199507,C199507,ENTID_13673384,HP,ENTID_12522357,1,Sales Brand Key Dr.,708127,LJ500031,EBG,420004,アトピー性皮膚炎,EBG1,ENTID_12522357,ENTID_130249180,ENTID_13673384,ENTID_131711290,Retail,1,1,ENTID_130249180,ENTID_131711290
11/01/2025,8,IM,JP65779,1482,2199507,C199507,ENTID_13673384,HP,ENTID_12799693,1,Sales Brand Key Dr.,708127,LJ500031,EBG,420004,アトピー性皮膚炎,EBG1,ENTID_12799693,ENTID_130526263,ENTID_13673384,ENTID_131711290,Retail,1,1,ENTID_130526263,ENTID_131711290
11/01/2025,8,IM,JP65779,1482,2199507,C199507,ENTID_13673384,HP,ENTID_12673698,1,Sales Brand Key Dr.,708127,LJ500031,EBG,420004,アトピー性皮膚炎,EBG2,ENTID_12673698,ENTID_130399777,ENTID_13673384,ENTID_131711290,Retail,1,3,ENTID_130399777,ENTID_131711290
11/01/2025,8,IM,JP65779,1482,2199507,C199507,ENTID_13673384,HP,ENTID_12802630,1,Sales Brand Key Dr.,708127,LJ500031,EBG,420004,アトピー性皮膚炎,EBG1,ENTID_12802630,ENTID_130529533,ENTID_13673384,ENTID_131711290,Retail,1,1,ENTID_130529533,ENTID_131711290
11/01/2025,8,IM,JP65779,1482,2199507,C199507,ENTID_13673384,HP,ENTID_19758195,1,Sales Brand Key Dr.,708127,LJ500031,EBG,420004,アトピー性皮膚炎,EBG1,ENTID_19758195,ENTID_130540785,ENTID_13673384,ENTID_131711290,Retail,1,1,ENTID_130540785,ENTID_131711290
11/01/2025,8,IM,JP65779,1482,2199507,C199507,ENTID_13673384,HP,ENTID_20055302,1,Sales Brand Key Dr.,708127,LJ500031,EBG,420004,アトピー性皮膚炎,EBG1,ENTID_20055302,ENTID_130543801,ENTID_13673384,ENTID_131711290,Retail,1,1,ENTID_130543801,ENTID_131711290
11/01/2025,8,IM,JP65779,1482,2199507,C199507,ENTID_13673384,HP,ENTID_12475312,1,Sales Brand Key Dr.,708127,LJ500031,EBG,420004,アトピー性皮膚炎,EBG1,ENTID_12475312,ENTID_130203148,ENTID_13673384,ENTID_131711290,Retail,1,1,ENTID_130203148,ENTID_131711290
11/01/2025,8,IM,JP65779,1482,2199507,C199507,ENTID_13673384,HP,ENTID_87643170,1,Sales Brand Key Dr.,708127,LJ500031,EBG,420004,アトピー性皮膚炎,EBG1,ENTID_87643170,ENTID_130562450,ENTID_13673384,ENTID_131711290,Retail,1,1,ENTID_130562450,ENTID_131711290
11/01/2025,8,IM,JP65779,1482,2199507,C199507,ENTID_13673384,HP,ENTID_12610611,1,Sales Brand Key Dr.,708127,LJ500031,EBG,420004,アトピー性皮膚炎,EBG1,ENTID_12610611,ENTID_130337045,ENTID_13673384,ENTID_131711290,Retail,1,1,ENTID_130337045,ENTID_131711290
11/01/2025,8,IM,JP65779,1482,2199507,C199507,ENTID_13673384,HP,ENTID_76766218,1,Sales Brand Key Dr.,708127,LJ500031,EBG,420004,アトピー性皮膚炎,EBG1,ENTID_76766218,ENTID_130559363,ENTID_13673384,ENTID_131711290,Retail,1,1,ENTID_130559363,ENTID_131711290
11/01/2025,8,IM,JP65779,1482,2199507,C199507,ENTID_13673384,HP,ENTID_96213541,1,Sales Brand Key Dr.,708127,LJ500031,EBG,420004,アトピー性皮膚炎,EBG1,ENTID_96213541,ENTID_130573644,ENTID_13673384,ENTID_131711290,Retail,1,1,ENTID_130573644,ENTID_131711290
11/01/2025,8,IM,JP65779,1482,2199507,C199507,ENTID_13673384,HP,ENTID_12793499,1,Sales Brand Key Dr.,708127,LJ500031,EBG,420004,アトピー性皮膚炎,EBG1,ENTID_12793499,ENTID_130520098,ENTID_13673384,ENTID_131711290,Retail,1,1,ENTID_130520098,ENTID_131711290
11/01/2025,8,IM,JP65779,1482,2199507,C199507,ENTID_13673384,HP,ENTID_99653511,1,Sales Brand Key Dr.,708127,LJ500031,EBG,420004,アトピー性皮膚炎,EBG1,ENTID_99653511,ENTID_130577987,ENTID_13673384,ENTID_131711290,Retail,1,1,ENTID_130577987,ENTID_131711290
11/01/2025,8,IM,JP65779,1482,2199507,C199507,ENTID_13673384,HP,ENTID_19185226,1,Sales Brand Key Dr.,708127,LJ500031,EBG,420004,アトピー性皮膚炎,EBG1,ENTID_19185226,ENTID_130536082,ENTID_13673384,ENTID_131711290,Retail,1,1,ENTID_130536082,ENTID_131711290
11/01/2025,8,IM,JP65779,1482,2199507,C199507,ENTID_13673384,HP,ENTID_110739271,1,Sales Brand Key Dr.,708127,LJ500031,EBG,420004,アトピー性皮膚炎,EBG4,ENTID_110739271,ENTID_130039673,ENTID_13673384,ENTID_131711290,Retail,1,4,ENTID_130039673,ENTID_131711290
11/01/2025,8,IM,JP65779,1482,2199507,C199507,ENTID_13673384,HP,ENTID_45398401,1,Sales Brand Key Dr.,708127,LJ500031,EBG,420004,アトピー性皮膚炎,EBG4,ENTID_45398401,ENTID_130554809,ENTID_13673384,ENTID_131711290,Retail,1,4,ENTID_130554809,ENTID_131711290
11/01/2025,8,IM,JP65779,1482,2199507,C199507,ENTID_13673384,HP,ENTID_12802711,1,Sales Brand Key Dr.,708127,LJ500031,EBG,420004,アトピー性皮膚炎,EBG1,ENTID_12802711,ENTID_130528172,ENTID_13673384,ENTID_131711290,Retail,1,1,ENTID_130528172,ENTID_131711290
11/01/2025,8,IM,JP65779,1482,2199507,C199507,ENTID_13673384,HP,ENTID_12805282,1,Sales Brand Key Dr.,708127,LJ500031,EBG,420004,アトピー性皮膚炎,EBG1,ENTID_12805282,ENTID_130531519,ENTID_13673384,ENTID_131711290,Retail,1,1,ENTID_130531519,ENTID_131711290
11/01/2025,8,IM,JP65779,1482,2199507,C199507,ENTID_13673384,HP,ENTID_20060080,1,Sales Brand Key Dr.,708127,LJ500031,EBG,420004,アトピー性皮膚炎,EBG1,ENTID_20060080,ENTID_130544396,ENTID_13673384,ENTID_131711290,Retail,1,1,ENTID_130544396,ENTID_131711290
11/01/2025,8,IM,JP65779,1482,2199507,C199507,ENTID_13673384,HP,ENTID_105463256,1,Sales Brand Key Dr.,708127,LJ500031,EBG,420004,アトピー性皮膚炎,EBG4,ENTID_105463256,ENTID_130036013,ENTID_13673384,ENTID_131711290,Retail,1,4,ENTID_130036013,ENTID_131711290
11/01/2025,8,IM,JP65863,1570,2117786,C117786,ENTID_13754405,GP,ENTID_12601943,1,Sales Brand Key Dr.,708127,LJ500031,EBG,420004,アトピー性皮膚炎,EBG1,ENTID_12601943,ENTID_130328369,ENTID_13754405,ENTID_131806447,Retail,1,1,ENTID_130328369,ENTID_131806447
11/01/2025,8,IM,JP65844,1547,2060077,WJ10182,ENTID_13617047,GP,ENTID_12667536,1,Sales Brand Key Dr.,708127,LJ500031,EBG,420004,アトピー性皮膚炎,EBG3,ENTID_12667536,ENTID_130392286,ENTID_13617047,ENTID_131638568,Retail,0,4,ENTID_130392286,ENTID_131638568
11/01/2025,8,IM,JP66065,1777,2157835,C157835,ENTID_14302015,GP,ENTID_12593365,1,Sales Brand Key Dr.,708127,LJ500031,EBG,420004,アトピー性皮膚炎,EBG3,ENTID_12593365,ENTID_130320271,ENTID_14302015,ENTID_132511036,Retail,0,3,ENTID_130320271,ENTID_132511036
11/01/2025,8,IM,JP65773,1478,2176006,C176006,ENTID_13585974,HP,ENTID_12804633,1,Sales Brand Key Dr.,708127,LJ500031,EBG,420004,アトピー性皮膚炎,EBG3,ENTID_12804633,ENTID_130532045,ENTID_13585974,ENTID_131598514,Retail,1,2,ENTID_130532045,ENTID_131598514
11/01/2025,8,IM,JP65875,1584,2154973,C154973,ENTID_13838608,HP,ENTID_12713021,1,Sales Brand Key Dr.,708127,LJ500031,EBG,420004,アトピー性皮膚炎,EBG3,ENTID_12713021,ENTID_130439611,ENTID_13838608,ENTID_131918529,Retail,1,3,ENTID_130439611,ENTID_131918529
11/01/2025,8,IM,JP65875,1584,2154973,C154973,ENTID_13838608,HP,ENTID_12558261,1,Sales Brand Key Dr.,708127,LJ500031,EBG,420004,アトピー性皮膚炎,EBG3,ENTID_12558261,ENTID_130285150,ENTID_13838608,ENTID_131918529,Retail,1,2,ENTID_130285150,ENTID_131918529
11/01/2025,8,IM,JP65875,1584,2154973,C154973,ENTID_13838608,HP,ENTID_12731708,1,Sales Brand Key Dr.,708127,LJ500031,EBG,420004,アトピー性皮膚炎,EBG3,ENTID_12731708,ENTID_130458742,ENTID_13838608,ENTID_131918529,Retail,0,2,ENTID_130458742,ENTID_131918529
11/01/2025,8,IM,JP65875,1584,2154973,C154973,ENTID_13838608,HP,ENTID_12524494,1,Sales Brand Key Dr.,708127,LJ500031,EBG,420004,アトピー性皮膚炎,EBG3,ENTID_12524494,ENTID_130251558,ENTID_13838608,ENTID_131918529,Retail,1,3,ENTID_130251558,ENTID_131918529
11/01/2025,8,IM,JP65759,1464,2183828,C183828,ENTID_13491139,GP,ENTID_12451415,1,Sales Brand Key Dr.,708127,LJ500031,EBG,420004,アトピー性皮膚炎,EBG1,ENTID_12451415,ENTID_130178061,ENTID_13491139,ENTID_131471658,Retail,0,1,ENTID_130178061,ENTID_131471658
11/01/2025,8,IM,JP66039,1750,3024162,L024162,ENTID_106593793,GP,ENTID_12743937,1,Sales Brand Key Dr.,708127,LJ500031,EBG,420004,アトピー性皮膚炎,EBG3,ENTID_12743937,ENTID_130470699,ENTID_106593793,ENTID_131237132,Retail,0,3,ENTID_130470699,ENTID_131237132
11/01/2025,8,IM,JP65879,1589,2229681,C229681,ENTID_13849777,GP,ENTID_12718778,1,Sales Brand Key Dr.,708127,LJ500031,EBG,420004,アトピー性皮膚炎,EBG3,ENTID_12718778,ENTID_130442521,ENTID_13849777,ENTID_131929495,Retail,1,3,ENTID_130442521,ENTID_131929495
11/01/2025,8,IM,JP66056,1769,3064911,L064911,ENTID_113803921,GP,ENTID_12578705,1,Sales Brand Key Dr.,708127,LJ500031,EBG,420004,アトピー性皮膚炎,EBG3,ENTID_12578705,ENTID_130304252,ENTID_113803921,ENTID_131244580,Retail,1,3,ENTID_130304252,ENTID_131244580
11/01/2025,8,IM,JP66056,1769,3064911,L064911,ENTID_113803921,GP,ENTID_12471294,1,Sales Brand Key Dr.,708127,LJ500031,EBG,420004,アトピー性皮膚炎,EBG3,ENTID_12471294,ENTID_130197314,ENTID_113803921,ENTID_131244580,Retail,1,2,ENTID_130197314,ENTID_131244580
11/01/2025,8,IM,JP65958,1671,2203750,C203750,ENTID_106499397,GP,ENTID_12642499,1,Sales Brand Key Dr.,708127,LJ500031,EBG,420004,アトピー性皮膚炎,EBG3,ENTID_12642499,ENTID_130368934,ENTID_106499397,ENTID_131240002,Retail,1,3,ENTID_130368934,ENTID_131240002
11/01/2025,8,IM,JP66050,1758,103276,WJ01042,ENTID_97935963,GP,ENTID_12697213,1,Sales Brand Key Dr.,708127,LJ500031,EBG,420004,アトピー性皮膚炎,EBG1,ENTID_12697213,ENTID_130422794,ENTID_97935963,ENTID_132441548,Retail,1,1,ENTID_130422794,ENTID_132441548
11/01/2025,8,IM,JP65853,1560,3024165,L024165,ENTID_13757399,GP,ENTID_12604962,1,Sales Brand Key Dr.,708127,LJ500031,EBG,420004,アトピー性皮膚炎,EBG2,ENTID_12604962,ENTID_130329097,ENTID_13757399,ENTID_131809847,Retail,1,3,ENTID_130329097,ENTID_131809847
11/01/2025,8,IM,JP65853,1560,3024165,L024165,ENTID_13757399,GP,ENTID_12576251,1,Sales Brand Key Dr.,708127,LJ500031,EBG,420004,アトピー性皮膚炎,EBG1,ENTID_12576251,ENTID_130302327,ENTID_13757399,ENTID_131809847,Retail,1,1,ENTID_130302327,ENTID_131809847
11/01/2025,8,IM,JP66054,1768,3026522,L026522,ENTID_14141298,HP,ENTID_12660206,1,Sales Brand Key Dr.,708127,LJ500031,EBG,420004,アトピー性皮膚炎,EBG2,ENTID_12660206,ENTID_130387579,ENTID_14141298,ENTID_132306666,Retail,1,3,ENTID_130387579,ENTID_132306666
11/01/2025,8,IM,JP66054,1768,3026522,L026522,ENTID_14141298,HP,ENTID_12660940,1,Sales Brand Key Dr.,708127,LJ500031,EBG,420004,アトピー性皮膚炎,EBG2,ENTID_12660940,ENTID_130387331,ENTID_14141298,ENTID_132306666,Retail,1,3,ENTID_130387331,ENTID_132306666
11/01/2025,8,IM,JP66076,1788,2150327,C150327,ENTID_14364122,HP,ENTID_12762571,1,Sales Brand Key Dr.,708127,LJ500031,EBG,420004,アトピー性皮膚炎,EBG3,ENTID_12762571,ENTID_130489020,ENTID_14364122,ENTID_132568299,Retail,1,3,ENTID_130489020,ENTID_132568299
11/01/2025,8,IM,JP66076,1788,2150327,C150327,ENTID_14364122,HP,ENTID_45024088,1,Sales Brand Key Dr.,708127,LJ500031,EBG,420004,アトピー性皮膚炎,EBG3,ENTID_45024088,ENTID_130552608,ENTID_14364122,ENTID_132568299,Retail,1,3,ENTID_130552608,ENTID_132568299
11/01/2025,8,IM,JP66076,1788,2150327,C150327,ENTID_14364122,HP,ENTID_12738999,1,Sales Brand Key Dr.,708127,LJ500031,EBG,420004,アトピー性皮膚炎,EBG3,ENTID_12738999,ENTID_130465986,ENTID_14364122,ENTID_132568299,Retail,0,2,ENTID_130465986,ENTID_132568299
11/01/2025,8,IM,JP66057,1770,2130380,C130380,ENTID_14143798,GP,ENTID_12495892,1,Sales Brand Key Dr.,708127,LJ500031,EBG,420004,アトピー性皮膚炎,EBG3,ENTID_12495892,ENTID_130222144,ENTID_14143798,ENTID_132308562,Retail,1,3,ENTID_130222144,ENTID_132308562
11/01/2025,8,IM,JP66266,1746,2143804,C143804,ENTID_13902954,GP,ENTID_12661169,1,Sales Brand Key Dr.,708127,LJ500031,EBG,420004,アトピー性皮膚炎,EBG3,ENTID_12661169,ENTID_130386061,ENTID_13902954,ENTID_132002228,Retail,1,3,ENTID_130386061,ENTID_132002228
11/01/2025,8,IM,JP65761,1460,3047438,L047438,ENTID_13481387,HP,ENTID_12548756,1,Sales Brand Key Dr.,708127,LJ500031,EBG,420004,アトピー性皮膚炎,EBG1,ENTID_12548756,ENTID_130273844,ENTID_13481387,ENTID_131461974,Retail,1,1,ENTID_130273844,ENTID_131461974
11/01/2025,8,IM,JP66056,1769,3064911,L064911,ENTID_14135333,GP,ENTID_12740733,1,Sales Brand Key Dr.,708127,LJ500031,EBG,420004,アトピー性皮膚炎,EBG3,ENTID_12740733,ENTID_130466772,ENTID_14135333,ENTID_132300323,Retail,1,3,ENTID_130466772,ENTID_132300323
11/01/2025,8,IM,JP65877,1588,3015062,L015062,ENTID_13845350,GP,ENTID_12622213,1,Sales Brand Key Dr.,708127,LJ500031,EBG,420004,アトピー性皮膚炎,EBG3,ENTID_12622213,ENTID_130347381,ENTID_13845350,ENTID_131924448,Retail,1,3,ENTID_130347381,ENTID_131924448
11/01/2025,8,IM,JP66070,1785,103251,WJ01017,ENTID_14392610,GP,ENTID_12580994,1,Sales Brand Key Dr.,708127,LJ500031,EBG,420004,アトピー性皮膚炎,EBG3,ENTID_12580994,ENTID_130306341,ENTID_14392610,ENTID_132604308,Retail,1,3,ENTID_130306341,ENTID_132604308
11/01/2025,8,IM,JP65937,1647,2158917,C158917,ENTID_13953413,HP,ENTID_12780161,1,Sales Brand Key Dr.,708127,LJ500031,EBG,420004,アトピー性皮膚炎,EBG2,ENTID_12780161,ENTID_130507350,ENTID_13953413,ENTID_132069680,Retail,0,2,ENTID_130507350,ENTID_132069680
11/01/2025,8,IM,JP65937,1647,2158917,C158917,ENTID_13953413,HP,ENTID_44903659,1,Sales Brand Key Dr.,708127,LJ500031,EBG,420004,アトピー性皮膚炎,EBG2,ENTID_44903659,ENTID_130549399,ENTID_13953413,ENTID_132069680,Retail,1,2,ENTID_130549399,ENTID_132069680
11/01/2025,8,IM,JP65937,1647,2158917,C158917,ENTID_13953413,HP,ENTID_12538187,1,Sales Brand Key Dr.,708127,LJ500031,EBG,420004,アトピー性皮膚炎,EBG1,ENTID_12538187,ENTID_130262594,ENTID_13953413,ENTID_132069680,Retail,0,1,ENTID_130262594,ENTID_132069680
11/01/2025,8,IM,JP65937,1647,2158917,C158917,ENTID_13953413,HP,ENTID_12789739,1,Sales Brand Key Dr.,708127,LJ500031,EBG,420004,アトピー性皮膚炎,EBG2,ENTID_12789739,ENTID_130515838,ENTID_13953413,ENTID_132069680,Retail,1,3,ENTID_130515838,ENTID_132069680
11/01/2025,8,IM,JP65845,1551,2014583,WJ01884,ENTID_13926425,GP,ENTID_12454391,1,Sales Brand Key Dr.,708127,LJ500031,EBG,420004,アトピー性皮膚炎,EBG3,ENTID_12454391,ENTID_130178272,ENTID_13926425,ENTID_132033728,Retail,1,3,ENTID_130178272,ENTID_132033728
11/01/2025,8,IM,JP66040,1754,3065806,L065806,ENTID_97642585,GP,ENTID_12588220,1,Sales Brand Key Dr.,708127,LJ500031,EBG,420004,アトピー性皮膚炎,EBG3,ENTID_12588220,ENTID_130314311,ENTID_97642585,ENTID_132196704,Retail,1,3,ENTID_130314311,ENTID_132196704
11/01/2025,8,IM,JP66298,1549,2174221,C174221,ENTID_13618781,HP,ENTID_12627543,1,Sales Brand Key Dr.,708127,LJ500031,EBG,420004,アトピー性皮膚炎,EBG3,ENTID_12627543,ENTID_130353555,ENTID_13618781,ENTID_131642502,Retail,1,3,ENTID_130353555,ENTID_131642502
11/01/2025,8,IM,JP65880,1587,2150334,C150334,ENTID_13827368,GP,ENTID_12659773,1,Sales Brand Key Dr.,708127,LJ500031,EBG,420004,アトピー性皮膚炎,EBG3,ENTID_12659773,ENTID_130385747,ENTID_13827368,ENTID_131905228,Retail,1,4,ENTID_130385747,ENTID_131905228
11/01/2025,8,IM,JP65868,1577,3049796,L049796,ENTID_13721707,GP,ENTID_12494649,1,Sales Brand Key Dr.,708127,LJ500031,EBG,420004,アトピー性皮膚炎,EBG3,ENTID_12494649,ENTID_130221852,ENTID_13721707,ENTID_131769891,Retail,1,4,ENTID_130221852,ENTID_131769891
11/01/2025,8,IM,JP65790,1495,3049946,L049946,ENTID_13633728,HP,ENTID_12724570,1,Sales Brand Key Dr.,708127,LJ500031,EBG,420004,アトピー性皮膚炎,EBG1,ENTID_12724570,ENTID_130450808,ENTID_13633728,ENTID_131661231,Retail,1,1,ENTID_130450808,ENTID_131661231
11/01/2025,8,IM,JP65790,1495,3049946,L049946,ENTID_13633728,HP,ENTID_96227986,1,Sales Brand Key Dr.,708127,LJ500031,EBG,420004,アトピー性皮膚炎,EBG4,ENTID_96227986,ENTID_130573922,ENTID_13633728,ENTID_131661231,Retail,1,4,ENTID_130573922,ENTID_131661231
11/01/2025,8,IM,JP65790,1495,3049946,L049946,ENTID_13633728,HP,ENTID_12654507,1,Sales Brand Key Dr.,708127,LJ500031,EBG,420004,アトピー性皮膚炎,EBG4,ENTID_12654507,ENTID_130378022,ENTID_13633728,ENTID_131661231,Retail,1,2,ENTID_130378022,ENTID_131661231
11/01/2025,8,IM,JP65790,1495,3049946,L049946,ENTID_13633728,HP,ENTID_45744505,1,Sales Brand Key Dr.,708127,LJ500031,EBG,420004,アトピー性皮膚炎,EBG2,ENTID_45744505,ENTID_130555407,ENTID_13633728,ENTID_131661231,Retail,1,2,ENTID_130555407,ENTID_131661231
11/01/2025,8,IM,JP65790,1495,3049946,L049946,ENTID_13633728,HP,ENTID_12494650,1,Sales Brand Key Dr.,708127,LJ500031,EBG,420004,アトピー性皮膚炎,EBG1,ENTID_12494650,ENTID_130222047,ENTID_13633728,ENTID_131661231,Retail,1,1,ENTID_130222047,ENTID_131661231
11/01/2025,8,IM,JP65790,1495,3049946,L049946,ENTID_13633728,HP,ENTID_12758081,1,Sales Brand Key Dr.,708127,LJ500031,EBG,420004,アトピー性皮膚炎,EBG1,ENTID_12758081,ENTID_130484409,ENTID_13633728,ENTID_131661231,Retail,1,1,ENTID_130484409,ENTID_131661231
11/01/2025,8,IM,JP65790,1495,3049946,L049946,ENTID_13633728,HP,ENTID_12788036,1,Sales Brand Key Dr.,708127,LJ500031,EBG,420004,アトピー性皮膚炎,EBG1,ENTID_12788036,ENTID_130512933,ENTID_13633728,ENTID_131661231,Retail,1,1,ENTID_130512933,ENTID_131661231
11/01/2025,8,IM,JP65790,1495,3049946,L049946,ENTID_13633728,HP,ENTID_105462538,1,Sales Brand Key Dr.,708127,LJ500031,EBG,420004,アトピー性皮膚炎,EBG4,ENTID_105462538,ENTID_130035224,ENTID_13633728,ENTID_131661231,Retail,1,4,ENTID_130035224,ENTID_131661231
11/01/2025,8,IM,JP65790,1495,3049946,L049946,ENTID_13633728,HP,ENTID_12774796,1,Sales Brand Key Dr.,708127,LJ500031,EBG,420004,アトピー性皮膚炎,EBG4,ENTID_12774796,ENTID_130501721,ENTID_13633728,ENTID_131661231,Retail,1,4,ENTID_130501721,ENTID_131661231
11/01/2025,8,IM,JP65790,1495,3049946,L049946,ENTID_13633728,HP,ENTID_12767872,1,Sales Brand Key Dr.,708127,LJ500031,EBG,420004,アトピー性皮膚炎,EBG1,ENTID_12767872,ENTID_130494922,ENTID_13633728,ENTID_131661231,Retail,0,1,ENTID_130494922,ENTID_131661231
11/01/2025,8,IM,JP65790,1495,3049946,L049946,ENTID_13633728,HP,ENTID_95525067,1,Sales Brand Key Dr.,708127,LJ500031,EBG,420004,アトピー性皮膚炎,EBG4,ENTID_95525067,ENTID_130568227,ENTID_13633728,ENTID_131661231,Retail,1,2,ENTID_130568227,ENTID_131661231
11/01/2025,8,IM,JP65790,1495,3049946,L049946,ENTID_13633728,HP,ENTID_45031014,1,Sales Brand Key Dr.,708127,LJ500031,EBG,420004,アトピー性皮膚炎,EBG2,ENTID_45031014,ENTID_130553064,ENTID_13633728,ENTID_131661231,Retail,1,3,ENTID_130553064,ENTID_131661231
11/01/2025,8,IM,JP65790,1495,3049946,L049946,ENTID_13633728,HP,ENTID_12776320,1,Sales Brand Key Dr.,708127,LJ500031,EBG,420004,アトピー性皮膚炎,EBG1,ENTID_12776320,ENTID_130501342,ENTID_13633728,ENTID_131661231,Retail,1,1,ENTID_130501342,ENTID_131661231
11/01/2025,8,IM,JP65790,1495,3049946,L049946,ENTID_13633728,HP,ENTID_12674140,1,Sales Brand Key Dr.,708127,LJ500031,EBG,420004,アトピー性皮膚炎,EBG4,ENTID_12674140,ENTID_130401356,ENTID_13633728,ENTID_131661231,Retail,1,4,ENTID_130401356,ENTID_131661231
11/01/2025,8,IM,JP65790,1495,3049946,L049946,ENTID_13633728,HP,ENTID_12605267,1,Sales Brand Key Dr.,708127,LJ500031,EBG,420004,アトピー性皮膚炎,EBG1,ENTID_12605267,ENTID_130328958,ENTID_13633728,ENTID_131661231,Retail,1,1,ENTID_130328958,ENTID_131661231
11/01/2025,8,IM,JP65790,1495,3049946,L049946,ENTID_13633728,HP,ENTID_12786963,1,Sales Brand Key Dr.,708127,LJ500031,EBG,420004,アトピー性皮膚炎,EBG1,ENTID_12786963,ENTID_130512971,ENTID_13633728,ENTID_131661231,Retail,1,1,ENTID_130512971,ENTID_131661231
11/01/2025,8,IM,JP65790,1495,3049946,L049946,ENTID_13633728,HP,ENTID_12802490,1,Sales Brand Key Dr.,708127,LJ500031,EBG,420004,アトピー性皮膚炎,EBG1,ENTID_12802490,ENTID_130528466,ENTID_13633728,ENTID_131661231,Retail,1,1,ENTID_130528466,ENTID_131661231
11/01/2025,8,IM,JP65790,1495,3049946,L049946,ENTID_13633728,HP,ENTID_12698507,1,Sales Brand Key Dr.,708127,LJ500031,EBG,420004,アトピー性皮膚炎,EBG1,ENTID_12698507,ENTID_130424615,ENTID_13633728,ENTID_131661231,Retail,1,1,ENTID_130424615,ENTID_131661231
11/01/2025,8,IM,JP65790,1495,3049946,L049946,ENTID_13633728,HP,ENTID_105462590,1,Sales Brand Key Dr.,708127,LJ500031,EBG,420004,アトピー性皮膚炎,EBG4,ENTID_105462590,ENTID_130036142,ENTID_13633728,ENTID_131661231,Retail,1,4,ENTID_130036142,ENTID_131661231
11/01/2025,8,IM,JP66040,1754,3065806,L065806,ENTID_14052075,GP,ENTID_12630144,1,Sales Brand Key Dr.,708127,LJ500031,EBG,420004,アトピー性皮膚炎,EBG3,ENTID_12630144,ENTID_130357153,ENTID_14052075,ENTID_132194512,Retail,1,3,ENTID_130357153,ENTID_132194512
11/01/2025,8,IM,JP66040,1754,3065806,L065806,ENTID_14046071,HP,ENTID_12535274,1,Sales Brand Key Dr.,708127,LJ500031,EBG,420004,アトピー性皮膚炎,EBG2,ENTID_12535274,ENTID_130263892,ENTID_14046071,ENTID_132187953,Retail,1,3,ENTID_130263892,ENTID_132187953
11/01/2025,8,IM,JP66040,1754,3065806,L065806,ENTID_14046071,HP,ENTID_12669697,1,Sales Brand Key Dr.,708127,LJ500031,EBG,420004,アトピー性皮膚炎,EBG2,ENTID_12669697,ENTID_130395920,ENTID_14046071,ENTID_132187953,Retail,1,3,ENTID_130395920,ENTID_132187953
11/01/2025,8,IM,JP66297,1492,3069015,L069015,ENTID_13641737,GP,ENTID_12531166,1,Sales Brand Key Dr.,708127,LJ500031,EBG,420004,アトピー性皮膚炎,EBG2,ENTID_12531166,ENTID_130257692,ENTID_13641737,ENTID_131667704,Retail,1,2,ENTID_130257692,ENTID_131667704
11/01/2025,8,IM,JP65936,1648,2184253,C184253,ENTID_13957813,GP,ENTID_12515943,1,Sales Brand Key Dr.,708127,LJ500031,EBG,420004,アトピー性皮膚炎,EBG1,ENTID_12515943,ENTID_130242602,ENTID_13957813,ENTID_132071654,Retail,1,1,ENTID_130242602,ENTID_132071654
11/01/2025,8,IM,JP65869,1575,2203746,C203746,ENTID_13761233,GP,ENTID_12671548,1,Sales Brand Key Dr.,708127,LJ500031,EBG,420004,アトピー性皮膚炎,EBG3,ENTID_12671548,ENTID_130397811,ENTID_13761233,ENTID_131815422,Retail,1,4,ENTID_130397811,ENTID_131815422
11/01/2025,8,IM,JP65953,1663,3047125,L047125,ENTID_14018735,GP,ENTID_12534686,1,Sales Brand Key Dr.,708127,LJ500031,EBG,420004,アトピー性皮膚炎,EBG1,ENTID_12534686,ENTID_130262016,ENTID_14018735,ENTID_132155676,Retail,1,1,ENTID_130262016,ENTID_132155676
11/01/2025,8,IM,JP66040,1754,3065806,L065806,ENTID_14043186,HP,ENTID_12622824,1,Sales Brand Key Dr.,708127,LJ500031,EBG,420004,アトピー性皮膚炎,EBG3,ENTID_12622824,ENTID_130349392,ENTID_14043186,ENTID_132186559,Retail,1,2,ENTID_130349392,ENTID_132186559
11/01/2025,8,IM,JP66039,1750,3024162,L024162,ENTID_14034227,HP,ENTID_12661723,1,Sales Brand Key Dr.,708127,LJ500031,EBG,420004,アトピー性皮膚炎,EBG3,ENTID_12661723,ENTID_130387765,ENTID_14034227,ENTID_132172265,Retail,1,3,ENTID_130387765,ENTID_132172265
11/01/2025,8,IM,JP65873,1586,3065914,L065914,ENTID_13835558,GP,ENTID_12494660,1,Sales Brand Key Dr.,708127,LJ500031,EBG,420004,アトピー性皮膚炎,EBG3,ENTID_12494660,ENTID_130221114,ENTID_13835558,ENTID_131917022,Retail,1,2,ENTID_130221114,ENTID_131917022
11/01/2025,8,IM,JP65841,1550,3069093,L069093,ENTID_13877182,HP,ENTID_105462354,1,Sales Brand Key Dr.,708127,LJ500031,EBG,420004,アトピー性皮膚炎,EBG2,ENTID_105462354,ENTID_130035468,ENTID_13877182,ENTID_131970166,Retail,1,3,ENTID_130035468,ENTID_131970166
11/01/2025,8,IM,JP65841,1550,3069093,L069093,ENTID_13877182,HP,ENTID_12805145,1,Sales Brand Key Dr.,708127,LJ500031,EBG,420004,アトピー性皮膚炎,EBG2,ENTID_12805145,ENTID_130531032,ENTID_13877182,ENTID_131970166,Retail,1,2,ENTID_130531032,ENTID_131970166
11/01/2025,8,IM,JP65841,1550,3069093,L069093,ENTID_13877182,HP,ENTID_12796510,1,Sales Brand Key Dr.,708127,LJ500031,EBG,420004,アトピー性皮膚炎,EBG2,ENTID_12796510,ENTID_130523459,ENTID_13877182,ENTID_131970166,Retail,1,3,ENTID_130523459,ENTID_131970166
11/01/2025,8,IM,JP65841,1550,3069093,L069093,ENTID_13877182,HP,ENTID_12785622,1,Sales Brand Key Dr.,708127,LJ500031,EBG,420004,アトピー性皮膚炎,EBG2,ENTID_12785622,ENTID_130510104,ENTID_13877182,ENTID_131970166,Retail,1,3,ENTID_130510104,ENTID_131970166
11/01/2025,8,IM,JP65841,1550,3069093,L069093,ENTID_13877182,HP,ENTID_20061666,1,Sales Brand Key Dr.,708127,LJ500031,EBG,420004,アトピー性皮膚炎,EBG2,ENTID_20061666,ENTID_130544547,ENTID_13877182,ENTID_131970166,Retail,1,3,ENTID_130544547,ENTID_131970166
11/01/2025,8,IM,JP65841,1550,3069093,L069093,ENTID_13877182,HP,ENTID_12592924,1,Sales Brand Key Dr.,708127,LJ500031,EBG,420004,アトピー性皮膚炎,EBG2,ENTID_12592924,ENTID_130319310,ENTID_13877182,ENTID_131970166,Retail,0,2,ENTID_130319310,ENTID_131970166
11/01/2025,8,IM,JP65841,1550,3069093,L069093,ENTID_13877182,HP,ENTID_12803152,1,Sales Brand Key Dr.,708127,LJ500031,EBG,420004,アトピー性皮膚炎,EBG2,ENTID_12803152,ENTID_130529056,ENTID_13877182,ENTID_131970166,Retail,1,3,ENTID_130529056,ENTID_131970166
11/01/2025,8,IM,JP65841,1550,3069093,L069093,ENTID_13877182,HP,ENTID_12739097,1,Sales Brand Key Dr.,708127,LJ500031,EBG,420004,アトピー性皮膚炎,EBG2,ENTID_12739097,ENTID_130464913,ENTID_13877182,ENTID_131970166,Retail,1,2,ENTID_130464913,ENTID_131970166
11/01/2025,8,IM,JP65841,1550,3069093,L069093,ENTID_13877182,HP,ENTID_12699553,1,Sales Brand Key Dr.,708127,LJ500031,EBG,420004,アトピー性皮膚炎,EBG2,ENTID_12699553,ENTID_130425741,ENTID_13877182,ENTID_131970166,Retail,1,3,ENTID_130425741,ENTID_131970166
11/01/2025,8,IM,JP65841,1550,3069093,L069093,ENTID_13877182,HP,ENTID_12801304,1,Sales Brand Key Dr.,708127,LJ500031,EBG,420004,アトピー性皮膚炎,EBG2,ENTID_12801304,ENTID_130528367,ENTID_13877182,ENTID_131970166,Retail,1,3,ENTID_130528367,ENTID_131970166
11/01/2025,8,IM,JP65841,1550,3069093,L069093,ENTID_13877182,HP,ENTID_12772535,1,Sales Brand Key Dr.,708127,LJ500031,EBG,420004,アトピー性皮膚炎,EBG1,ENTID_12772535,ENTID_130498501,ENTID_13877182,ENTID_131970166,Retail,1,1,ENTID_130498501,ENTID_131970166
11/01/2025,8,IM,JP65841,1550,3069093,L069093,ENTID_13877182,HP,ENTID_12758130,1,Sales Brand Key Dr.,708127,LJ500031,EBG,420004,アトピー性皮膚炎,EBG2,ENTID_12758130,ENTID_130484222,ENTID_13877182,ENTID_131970166,Retail,1,3,ENTID_130484222,ENTID_131970166
11/01/2025,8,IM,JP65841,1550,3069093,L069093,ENTID_13877182,HP,ENTID_12784773,1,Sales Brand Key Dr.,708127,LJ500031,EBG,420004,アトピー性皮膚炎,EBG2,ENTID_12784773,ENTID_130509968,ENTID_13877182,ENTID_131970166,Retail,1,3,ENTID_130509968,ENTID_131970166
11/01/2025,8,IM,JP65841,1550,3069093,L069093,ENTID_13877182,HP,ENTID_12764581,1,Sales Brand Key Dr.,708127,LJ500031,EBG,420004,アトピー性皮膚炎,EBG2,ENTID_12764581,ENTID_130490909,ENTID_13877182,ENTID_131970166,Retail,1,3,ENTID_130490909,ENTID_131970166
11/01/2025,8,IM,JP65841,1550,3069093,L069093,ENTID_13877182,HP,ENTID_45844837,1,Sales Brand Key Dr.,708127,LJ500031,EBG,420004,アトピー性皮膚炎,EBG2,ENTID_45844837,ENTID_130555736,ENTID_13877182,ENTID_131970166,Retail,1,3,ENTID_130555736,ENTID_131970166
11/01/2025,8,IM,JP66058,1772,2183816,C183816,ENTID_14137958,GP,ENTID_12685268,1,Sales Brand Key Dr.,708127,LJ500031,EBG,420004,アトピー性皮膚炎,EBG3,ENTID_12685268,ENTID_130409900,ENTID_14137958,ENTID_132302831,Retail,1,3,ENTID_130409900,ENTID_132302831
11/01/2025,8,IM,JP65941,1653,3023028,L023028,ENTID_13991776,GP,ENTID_12559745,1,Sales Brand Key Dr.,708127,LJ500031,EBG,420004,アトピー性皮膚炎,EBG3,ENTID_12559745,ENTID_130284437,ENTID_13991776,ENTID_132114517,Retail,1,3,ENTID_130284437,ENTID_132114517
11/01/2025,8,IM,JP65774,1477,26261,WJ00706,ENTID_13584009,HP,ENTID_12772180,1,Sales Brand Key Dr.,708127,LJ500031,EBG,420004,アトピー性皮膚炎,EBG3,ENTID_12772180,ENTID_130498730,ENTID_13584009,ENTID_131596608,Retail,1,3,ENTID_130498730,ENTID_131596608
11/01/2025,8,IM,JP65774,1477,26261,WJ00706,ENTID_13584009,HP,ENTID_12801070,1,Sales Brand Key Dr.,708127,LJ500031,EBG,420004,アトピー性皮膚炎,EBG3,ENTID_12801070,ENTID_130527812,ENTID_13584009,ENTID_131596608,Retail,1,3,ENTID_130527812,ENTID_131596608
11/01/2025,8,IM,JP65864,1571,2182707,C182707,ENTID_13758143,GP,ENTID_12599699,1,Sales Brand Key Dr.,708127,LJ500031,EBG,420004,アトピー性皮膚炎,EBG3,ENTID_12599699,ENTID_130325572,ENTID_13758143,ENTID_131812467,Retail,1,3,ENTID_130325572,ENTID_131812467
11/01/2025,8,IM,JP66300,1574,2108532,C108532,ENTID_13712326,HP,ENTID_12578210,1,Sales Brand Key Dr.,708127,LJ500031,EBG,420004,アトピー性皮膚炎,EBG1,ENTID_12578210,ENTID_130304260,ENTID_13712326,ENTID_131758300,Retail,0,1,ENTID_130304260,ENTID_131758300
11/01/2025,8,IM,JP66300,1574,2108532,C108532,ENTID_13712326,HP,ENTID_43662772,1,Sales Brand Key Dr.,708127,LJ500031,EBG,420004,アトピー性皮膚炎,EBG1,ENTID_43662772,ENTID_130547099,ENTID_13712326,ENTID_131758300,Retail,1,1,ENTID_130547099,ENTID_131758300
11/01/2025,8,IM,JP66300,1574,2108532,C108532,ENTID_13712326,HP,ENTID_12797617,1,Sales Brand Key Dr.,708127,LJ500031,EBG,420004,アトピー性皮膚炎,EBG1,ENTID_12797617,ENTID_130524378,ENTID_13712326,ENTID_131758300,Retail,1,1,ENTID_130524378,ENTID_131758300
11/01/2025,8,IM,JP66300,1574,2108532,C108532,ENTID_13712326,HP,ENTID_12723118,1,Sales Brand Key Dr.,708127,LJ500031,EBG,420004,アトピー性皮膚炎,EBG1,ENTID_12723118,ENTID_130448493,ENTID_13712326,ENTID_131758300,Retail,1,1,ENTID_130448493,ENTID_131758300
11/01/2025,8,IM,JP66076,1788,2150327,C150327,ENTID_14368852,GP,ENTID_12534035,1,Sales Brand Key Dr.,708127,LJ500031,EBG,420004,アトピー性皮膚炎,EBG1,ENTID_12534035,ENTID_130259243,ENTID_14368852,ENTID_132571698,Retail,1,1,ENTID_130259243,ENTID_132571698
11/01/2025,8,IM,JP65950,1660,3049844,L049844,ENTID_13975081,GP,ENTID_12708705,1,Sales Brand Key Dr.,708127,LJ500031,EBG,420004,アトピー性皮膚炎,EBG3,ENTID_12708705,ENTID_130434967,ENTID_13975081,ENTID_132096964,Retail,1,3,ENTID_130434967,ENTID_132096964
11/01/2025,8,IM,JP66296,1468,2066739,WJ10284,ENTID_13541636,HP,ENTID_12573724,1,Sales Brand Key Dr.,708127,LJ500031,EBG,420004,アトピー性皮膚炎,EBG4,ENTID_12573724,ENTID_130299603,ENTID_13541636,ENTID_131539355,Retail,1,4,ENTID_130299603,ENTID_131539355
11/01/2025,8,IM,JP66038,1751,2108643,C108643,ENTID_14032839,HP,ENTID_95526709,1,Sales Brand Key Dr.,708127,LJ500031,EBG,420004,アトピー性皮膚炎,EBG3,ENTID_95526709,ENTID_130568846,ENTID_14032839,ENTID_132173027,Retail,0,4,ENTID_130568846,ENTID_132173027
11/01/2025,8,IM,JP65785,1489,2199242,C199242,ENTID_97540629,GP,ENTID_12573350,1,Sales Brand Key Dr.,708127,LJ500031,EBG,420004,アトピー性皮膚炎,EBG3,ENTID_12573350,ENTID_130300375,ENTID_97540629,ENTID_131627569,Retail,1,2,ENTID_130300375,ENTID_131627569
11/01/2025,8,IM,JP66065,1777,2157835,C157835,ENTID_14304142,GP,ENTID_12663651,1,Sales Brand Key Dr.,708127,LJ500031,EBG,420004,アトピー性皮膚炎,EBG3,ENTID_12663651,ENTID_130389104,ENTID_14304142,ENTID_132513374,Retail,1,3,ENTID_130389104,ENTID_132513374
11/01/2025,8,IM,JP66038,1751,2108643,C108643,ENTID_14034948,GP,ENTID_12432506,1,Sales Brand Key Dr.,708127,LJ500031,EBG,420004,アトピー性皮膚炎,EBG3,ENTID_12432506,ENTID_130158854,ENTID_14034948,ENTID_132173550,Retail,0,3,ENTID_130158854,ENTID_132173550
11/01/2025,8,IM,JP65864,1571,2182707,C182707,ENTID_13708375,HP,ENTID_19185283,1,Sales Brand Key Dr.,708127,LJ500031,EBG,420004,アトピー性皮膚炎,EBG3,ENTID_19185283,ENTID_130536215,ENTID_13708375,ENTID_131755850,Retail,1,3,ENTID_130536215,ENTID_131755850
11/01/2025,8,IM,JP65864,1571,2182707,C182707,ENTID_13708375,HP,ENTID_12554904,1,Sales Brand Key Dr.,708127,LJ500031,EBG,420004,アトピー性皮膚炎,EBG1,ENTID_12554904,ENTID_130282039,ENTID_13708375,ENTID_131755850,Retail,0,1,ENTID_130282039,ENTID_131755850
11/01/2025,8,IM,JP65864,1571,2182707,C182707,ENTID_13708375,HP,ENTID_88138194,1,Sales Brand Key Dr.,708127,LJ500031,EBG,420004,アトピー性皮膚炎,EBG1,ENTID_88138194,ENTID_130565854,ENTID_13708375,ENTID_131755850,Retail,1,1,ENTID_130565854,ENTID_131755850
11/01/2025,8,IM,JP65864,1571,2182707,C182707,ENTID_13708375,HP,ENTID_12683834,1,Sales Brand Key Dr.,708127,LJ500031,EBG,420004,アトピー性皮膚炎,EBG1,ENTID_12683834,ENTID_130410705,ENTID_13708375,ENTID_131755850,Retail,0,1,ENTID_130410705,ENTID_131755850
11/01/2025,8,IM,JP65864,1571,2182707,C182707,ENTID_13708375,HP,ENTID_12748459,1,Sales Brand Key Dr.,708127,LJ500031,EBG,420004,アトピー性皮膚炎,EBG1,ENTID_12748459,ENTID_130474732,ENTID_13708375,ENTID_131755850,Retail,0,1,ENTID_130474732,ENTID_131755850
11/01/2025,8,IM,JP65864,1571,2182707,C182707,ENTID_13708375,HP,ENTID_12765079,1,Sales Brand Key Dr.,708127,LJ500031,EBG,420004,アトピー性皮膚炎,EBG1,ENTID_12765079,ENTID_130491215,ENTID_13708375,ENTID_131755850,Retail,0,1,ENTID_130491215,ENTID_131755850
11/01/2025,8,IM,JP65864,1571,2182707,C182707,ENTID_13708375,HP,ENTID_12786037,1,Sales Brand Key Dr.,708127,LJ500031,EBG,420004,アトピー性皮膚炎,EBG1,ENTID_12786037,ENTID_130512742,ENTID_13708375,ENTID_131755850,Retail,1,1,ENTID_130512742,ENTID_131755850
11/01/2025,8,IM,JP65864,1571,2182707,C182707,ENTID_13708375,HP,ENTID_12692225,1,Sales Brand Key Dr.,708127,LJ500031,EBG,420004,アトピー性皮膚炎,EBG1,ENTID_12692225,ENTID_130418505,ENTID_13708375,ENTID_131755850,Retail,0,1,ENTID_130418505,ENTID_131755850
11/01/2025,8,IM,JP65864,1571,2182707,C182707,ENTID_13708375,HP,ENTID_12772471,1,Sales Brand Key Dr.,708127,LJ500031,EBG,420004,アトピー性皮膚炎,EBG1,ENTID_12772471,ENTID_130499449,ENTID_13708375,ENTID_131755850,Retail,0,1,ENTID_130499449,ENTID_131755850
11/01/2025,8,IM,JP65864,1571,2182707,C182707,ENTID_13708375,HP,ENTID_12781236,1,Sales Brand Key Dr.,708127,LJ500031,EBG,420004,アトピー性皮膚炎,EBG1,ENTID_12781236,ENTID_130508651,ENTID_13708375,ENTID_131755850,Retail,0,1,ENTID_130508651,ENTID_131755850
11/01/2025,8,IM,JP65864,1571,2182707,C182707,ENTID_13708375,HP,ENTID_20030537,1,Sales Brand Key Dr.,708127,LJ500031,EBG,420004,アトピー性皮膚炎,EBG1,ENTID_20030537,ENTID_130541983,ENTID_13708375,ENTID_131755850,Retail,0,1,ENTID_130541983,ENTID_131755850
11/01/2025,8,IM,JP65864,1571,2182707,C182707,ENTID_13708375,HP,ENTID_12540460,1,Sales Brand Key Dr.,708127,LJ500031,EBG,420004,アトピー性皮膚炎,EBG1,ENTID_12540460,ENTID_130267129,ENTID_13708375,ENTID_131755850,Retail,1,1,ENTID_130267129,ENTID_131755850
11/01/2025,8,IM,JP65864,1571,2182707,C182707,ENTID_13708375,HP,ENTID_12780036,1,Sales Brand Key Dr.,708127,LJ500031,EBG,420004,アトピー性皮膚炎,EBG1,ENTID_12780036,ENTID_130503209,ENTID_13708375,ENTID_131755850,Retail,0,1,ENTID_130503209,ENTID_131755850
11/01/2025,8,IM,JP65864,1571,2182707,C182707,ENTID_13708375,HP,ENTID_12628621,1,Sales Brand Key Dr.,708127,LJ500031,EBG,420004,アトピー性皮膚炎,EBG1,ENTID_12628621,ENTID_130355972,ENTID_13708375,ENTID_131755850,Retail,1,1,ENTID_130355972,ENTID_131755850
11/01/2025,8,IM,JP65864,1571,2182707,C182707,ENTID_13708375,HP,ENTID_12738456,1,Sales Brand Key Dr.,708127,LJ500031,EBG,420004,アトピー性皮膚炎,EBG1,ENTID_12738456,ENTID_130464829,ENTID_13708375,ENTID_131755850,Retail,0,1,ENTID_130464829,ENTID_131755850
11/01/2025,8,IM,JP66299,1557,2121212,C121212,ENTID_13747364,GP,ENTID_12602126,1,Sales Brand Key Dr.,708127,LJ500031,EBG,420004,アトピー性皮膚炎,EBG1,ENTID_12602126,ENTID_130328686,ENTID_13747364,ENTID_131796332,Retail,1,1,ENTID_130328686,ENTID_131796332
11/01/2025,8,IM,JP66299,1557,2121212,C121212,ENTID_13747364,GP,ENTID_12775662,1,Sales Brand Key Dr.,708127,LJ500031,EBG,420004,アトピー性皮膚炎,EBG2,ENTID_12775662,ENTID_130501259,ENTID_13747364,ENTID_131796332,Retail,1,3,ENTID_130501259,ENTID_131796332
11/01/2025,8,IM,JP66299,1557,2121212,C121212,ENTID_13747364,GP,ENTID_12639896,1,Sales Brand Key Dr.,708127,LJ500031,EBG,420004,アトピー性皮膚炎,EBG2,ENTID_12639896,ENTID_130365164,ENTID_13747364,ENTID_131796332,Retail,1,2,ENTID_130365164,ENTID_131796332
11/01/2025,8,IM,JP66299,1557,2121212,C121212,ENTID_13747364,GP,ENTID_12638735,1,Sales Brand Key Dr.,708127,LJ500031,EBG,420004,アトピー性皮膚炎,EBG1,ENTID_12638735,ENTID_130365252,ENTID_13747364,ENTID_131796332,Retail,1,1,ENTID_130365252,ENTID_131796332
11/01/2025,8,IM,JP65861,1568,2126544,C126544,ENTID_13736301,GP,ENTID_12658678,1,Sales Brand Key Dr.,708127,LJ500031,EBG,420004,アトピー性皮膚炎,EBG3,ENTID_12658678,ENTID_130384809,ENTID_13736301,ENTID_131783898,Retail,0,4,ENTID_130384809,ENTID_131783898
11/01/2025,8,IM,JP65861,1568,2126544,C126544,ENTID_13736301,GP,ENTID_12495959,1,Sales Brand Key Dr.,708127,LJ500031,EBG,420004,アトピー性皮膚炎,EBG3,ENTID_12495959,ENTID_130221970,ENTID_13736301,ENTID_131783898,Retail,0,3,ENTID_130221970,ENTID_131783898
11/01/2025,8,IM,JP65861,1568,2126544,C126544,ENTID_13736301,GP,ENTID_12541144,1,Sales Brand Key Dr.,708127,LJ500031,EBG,420004,アトピー性皮膚炎,EBG3,ENTID_12541144,ENTID_130267292,ENTID_13736301,ENTID_131783898,Retail,1,3,ENTID_130267292,ENTID_131783898
11/01/2025,8,IM,JP66075,1790,2014575,WJ01883,ENTID_14285105,HP,ENTID_12744588,1,Sales Brand Key Dr.,708127,LJ500031,EBG,420004,アトピー性皮膚炎,EBG4,ENTID_12744588,ENTID_130469898,ENTID_14285105,ENTID_132493132,Retail,1,4,ENTID_130469898,ENTID_132493132
11/01/2025,8,IM,JP66075,1790,2014575,WJ01883,ENTID_14285105,HP,ENTID_12799944,1,Sales Brand Key Dr.,708127,LJ500031,EBG,420004,アトピー性皮膚炎,EBG1,ENTID_12799944,ENTID_130527248,ENTID_14285105,ENTID_132493132,Retail,1,1,ENTID_130527248,ENTID_132493132
11/01/2025,8,IM,JP66075,1790,2014575,WJ01883,ENTID_14285105,HP,ENTID_12631976,1,Sales Brand Key Dr.,708127,LJ500031,EBG,420004,アトピー性皮膚炎,EBG2,ENTID_12631976,ENTID_130356508,ENTID_14285105,ENTID_132493132,Retail,1,3,ENTID_130356508,ENTID_132493132
11/01/2025,8,IM,JP66075,1790,2014575,WJ01883,ENTID_14285105,HP,ENTID_12800031,1,Sales Brand Key Dr.,708127,LJ500031,EBG,420004,アトピー性皮膚炎,EBG1,ENTID_12800031,ENTID_130527879,ENTID_14285105,ENTID_132493132,Retail,1,1,ENTID_130527879,ENTID_132493132
11/01/2025,8,IM,JP66075,1790,2014575,WJ01883,ENTID_14285105,HP,ENTID_12673356,1,Sales Brand Key Dr.,708127,LJ500031,EBG,420004,アトピー性皮膚炎,EBG4,ENTID_12673356,ENTID_130398236,ENTID_14285105,ENTID_132493132,Retail,1,4,ENTID_130398236,ENTID_132493132
11/01/2025,8,IM,JP66075,1790,2014575,WJ01883,ENTID_14285105,HP,ENTID_12796060,1,Sales Brand Key Dr.,708127,LJ500031,EBG,420004,アトピー性皮膚炎,EBG4,ENTID_12796060,ENTID_130522790,ENTID_14285105,ENTID_132493132,Retail,1,4,ENTID_130522790,ENTID_132493132
11/01/2025,8,IM,JP66075,1790,2014575,WJ01883,ENTID_14285105,HP,ENTID_12589797,1,Sales Brand Key Dr.,708127,LJ500031,EBG,420004,アトピー性皮膚炎,EBG1,ENTID_12589797,ENTID_130314621,ENTID_14285105,ENTID_132493132,Retail,1,1,ENTID_130314621,ENTID_132493132
11/01/2025,8,IM,JP66075,1790,2014575,WJ01883,ENTID_14285105,HP,ENTID_12662831,1,Sales Brand Key Dr.,708127,LJ500031,EBG,420004,アトピー性皮膚炎,EBG1,ENTID_12662831,ENTID_130389767,ENTID_14285105,ENTID_132493132,Retail,1,1,ENTID_130389767,ENTID_132493132
11/01/2025,8,IM,JP66075,1790,2014575,WJ01883,ENTID_14285105,HP,ENTID_19185773,1,Sales Brand Key Dr.,708127,LJ500031,EBG,420004,アトピー性皮膚炎,EBG2,ENTID_19185773,ENTID_130536503,ENTID_14285105,ENTID_132493132,Retail,1,2,ENTID_130536503,ENTID_132493132
11/01/2025,8,IM,JP66075,1790,2014575,WJ01883,ENTID_14285105,HP,ENTID_12695752,1,Sales Brand Key Dr.,708127,LJ500031,EBG,420004,アトピー性皮膚炎,EBG1,ENTID_12695752,ENTID_130422751,ENTID_14285105,ENTID_132493132,Retail,1,1,ENTID_130422751,ENTID_132493132
11/01/2025,8,IM,JP66075,1790,2014575,WJ01883,ENTID_14285105,HP,ENTID_12713183,1,Sales Brand Key Dr.,708127,LJ500031,EBG,420004,アトピー性皮膚炎,EBG2,ENTID_12713183,ENTID_130438716,ENTID_14285105,ENTID_132493132,Retail,1,3,ENTID_130438716,ENTID_132493132
11/01/2025,8,IM,JP66075,1790,2014575,WJ01883,ENTID_14285105,HP,ENTID_12767534,1,Sales Brand Key Dr.,708127,LJ500031,EBG,420004,アトピー性皮膚炎,EBG1,ENTID_12767534,ENTID_130493386,ENTID_14285105,ENTID_132493132,Retail,1,1,ENTID_130493386,ENTID_132493132
11/01/2025,8,IM,JP66075,1790,2014575,WJ01883,ENTID_14285105,HP,ENTID_12778242,1,Sales Brand Key Dr.,708127,LJ500031,EBG,420004,アトピー性皮膚炎,EBG4,ENTID_12778242,ENTID_130504986,ENTID_14285105,ENTID_132493132,Retail,1,4,ENTID_130504986,ENTID_132493132
11/01/2025,8,IM,JP66075,1790,2014575,WJ01883,ENTID_14285105,HP,ENTID_12780358,1,Sales Brand Key Dr.,708127,LJ500031,EBG,420004,アトピー性皮膚炎,EBG4,ENTID_12780358,ENTID_130507906,ENTID_14285105,ENTID_132493132,Retail,1,4,ENTID_130507906,ENTID_132493132
11/01/2025,8,IM,JP66075,1790,2014575,WJ01883,ENTID_14285105,HP,ENTID_12774819,1,Sales Brand Key Dr.,708127,LJ500031,EBG,420004,アトピー性皮膚炎,EBG4,ENTID_12774819,ENTID_130501364,ENTID_14285105,ENTID_132493132,Retail,1,4,ENTID_130501364,ENTID_132493132
11/01/2025,8,IM,JP66075,1790,2014575,WJ01883,ENTID_14285105,HP,ENTID_12697310,1,Sales Brand Key Dr.,708127,LJ500031,EBG,420004,アトピー性皮膚炎,EBG1,ENTID_12697310,ENTID_130422481,ENTID_14285105,ENTID_132493132,Retail,1,1,ENTID_130422481,ENTID_132493132
11/01/2025,8,IM,JP66075,1790,2014575,WJ01883,ENTID_14285105,HP,ENTID_45156251,1,Sales Brand Key Dr.,708127,LJ500031,EBG,420004,アトピー性皮膚炎,EBG4,ENTID_45156251,ENTID_130554201,ENTID_14285105,ENTID_132493132,Retail,1,4,ENTID_130554201,ENTID_132493132
11/01/2025,8,IM,JP66075,1790,2014575,WJ01883,ENTID_14285105,HP,ENTID_12809429,1,Sales Brand Key Dr.,708127,LJ500031,EBG,420004,アトピー性皮膚炎,EBG4,ENTID_12809429,ENTID_130533754,ENTID_14285105,ENTID_132493132,Retail,1,4,ENTID_130533754,ENTID_132493132
11/01/2025,8,IM,JP66054,1768,3026522,L026522,ENTID_14148391,GP,ENTID_12445457,1,Sales Brand Key Dr.,708127,LJ500031,EBG,420004,アトピー性皮膚炎,EBG1,ENTID_12445457,ENTID_130171483,ENTID_14148391,ENTID_132314459,Retail,1,1,ENTID_130171483,ENTID_132314459
11/01/2025,8,IM,JP65789,1493,2047057,WJ02319,ENTID_13643747,GP,ENTID_12708675,1,Sales Brand Key Dr.,708127,LJ500031,EBG,420004,アトピー性皮膚炎,EBG1,ENTID_12708675,ENTID_130434382,ENTID_13643747,ENTID_131671799,Retail,1,1,ENTID_130434382,ENTID_131671799
11/01/2025,8,IM,JP65789,1493,2047057,WJ02319,ENTID_13643747,GP,ENTID_12744740,1,Sales Brand Key Dr.,708127,LJ500031,EBG,420004,アトピー性皮膚炎,EBG1,ENTID_12744740,ENTID_130471167,ENTID_13643747,ENTID_131671799,Retail,1,1,ENTID_130471167,ENTID_131671799
11/01/2025,8,IM,JP65789,1493,2047057,WJ02319,ENTID_13643747,GP,ENTID_12675595,1,Sales Brand Key Dr.,708127,LJ500031,EBG,420004,アトピー性皮膚炎,EBG1,ENTID_12675595,ENTID_130400885,ENTID_13643747,ENTID_131671799,Retail,1,1,ENTID_130400885,ENTID_131671799
11/01/2025,8,IM,JP65789,1493,2047057,WJ02319,ENTID_13643747,GP,ENTID_12750208,1,Sales Brand Key Dr.,708127,LJ500031,EBG,420004,アトピー性皮膚炎,EBG1,ENTID_12750208,ENTID_130476721,ENTID_13643747,ENTID_131671799,Retail,1,1,ENTID_130476721,ENTID_131671799
11/01/2025,8,IM,JP65841,1550,3069093,L069093,ENTID_120193717,GP,ENTID_12668798,1,Sales Brand Key Dr.,708127,LJ500031,EBG,420004,アトピー性皮膚炎,EBG3,ENTID_12668798,ENTID_130394566,ENTID_120193717,ENTID_131219330,Retail,1,4,ENTID_130394566,ENTID_131219330
11/01/2025,8,IM,JP65841,1550,3069093,L069093,ENTID_120193717,GP,ENTID_12754730,1,Sales Brand Key Dr.,708127,LJ500031,EBG,420004,アトピー性皮膚炎,EBG3,ENTID_12754730,ENTID_130480966,ENTID_120193717,ENTID_131219330,Retail,1,3,ENTID_130480966,ENTID_131219330
11/01/2025,8,IM,JP66040,1754,3065806,L065806,ENTID_14041323,HP,ENTID_12806826,1,Sales Brand Key Dr.,708127,LJ500031,EBG,420004,アトピー性皮膚炎,EBG1,ENTID_12806826,ENTID_130532254,ENTID_14041323,ENTID_132183600,Retail,1,1,ENTID_130532254,ENTID_132183600
11/01/2025,8,IM,JP66040,1754,3065806,L065806,ENTID_14041323,HP,ENTID_12768030,1,Sales Brand Key Dr.,708127,LJ500031,EBG,420004,アトピー性皮膚炎,EBG1,ENTID_12768030,ENTID_130494755,ENTID_14041323,ENTID_132183600,Retail,1,1,ENTID_130494755,ENTID_132183600
11/01/2025,8,IM,JP66040,1754,3065806,L065806,ENTID_14041323,HP,ENTID_12796291,1,Sales Brand Key Dr.,708127,LJ500031,EBG,420004,アトピー性皮膚炎,EBG1,ENTID_12796291,ENTID_130522333,ENTID_14041323,ENTID_132183600,Retail,1,1,ENTID_130522333,ENTID_132183600
11/01/2025,8,IM,JP66040,1754,3065806,L065806,ENTID_14041323,HP,ENTID_12694867,1,Sales Brand Key Dr.,708127,LJ500031,EBG,420004,アトピー性皮膚炎,EBG1,ENTID_12694867,ENTID_130421120,ENTID_14041323,ENTID_132183600,Retail,1,1,ENTID_130421120,ENTID_132183600
11/01/2025,8,IM,JP65842,1548,2130364,C130364,ENTID_13884109,GP,ENTID_12647519,1,Sales Brand Key Dr.,708127,LJ500031,EBG,420004,アトピー性皮膚炎,EBG3,ENTID_12647519,ENTID_130372755,ENTID_13884109,ENTID_131979526,Retail,1,2,ENTID_130372755,ENTID_131979526
11/01/2025,8,IM,JP66041,1753,2068415,WJ10308,ENTID_14052318,GP,ENTID_12772290,1,Sales Brand Key Dr.,708127,LJ500031,EBG,420004,アトピー性皮膚炎,EBG2,ENTID_12772290,ENTID_130498846,ENTID_14052318,ENTID_132195947,Retail,1,3,ENTID_130498846,ENTID_132195947
11/01/2025,8,IM,JP66041,1753,2068415,WJ10308,ENTID_14052318,GP,ENTID_12669363,1,Sales Brand Key Dr.,708127,LJ500031,EBG,420004,アトピー性皮膚炎,EBG2,ENTID_12669363,ENTID_130395783,ENTID_14052318,ENTID_132195947,Retail,1,3,ENTID_130395783,ENTID_132195947
11/01/2025,8,IM,JP66064,1778,2203758,C203758,ENTID_14296406,GP,ENTID_12672409,1,Sales Brand Key Dr.,708127,LJ500031,EBG,420004,アトピー性皮膚炎,EBG3,ENTID_12672409,ENTID_130398074,ENTID_14296406,ENTID_132505389,Retail,1,3,ENTID_130398074,ENTID_132505389
11/01/2025,8,IM,JP65757,1462,2035684,WJ02234,ENTID_128426736,GP,ENTID_12655380,1,Sales Brand Key Dr.,708127,LJ500031,EBG,420004,アトピー性皮膚炎,EBG2,ENTID_12655380,ENTID_130382430,ENTID_128426736,ENTID_131171601,Retail,0,2,ENTID_130382430,ENTID_131171601
11/01/2025,8,IM,JP65942,1651,2152270,C152270,ENTID_13989635,GP,ENTID_12452695,1,Sales Brand Key Dr.,708127,LJ500031,EBG,420004,アトピー性皮膚炎,EBG3,ENTID_12452695,ENTID_130177105,ENTID_13989635,ENTID_132112124,Retail,1,3,ENTID_130177105,ENTID_132112124
11/01/2025,8,IM,JP65968,1677,25736,WJ00137,ENTID_14267553,HP,ENTID_96258049,1,Sales Brand Key Dr.,708127,LJ500031,EBG,420004,アトピー性皮膚炎,EBG2,ENTID_96258049,ENTID_130574569,ENTID_14267553,ENTID_132467912,Retail,1,3,ENTID_130574569,ENTID_132467912
11/01/2025,8,IM,JP65968,1677,25736,WJ00137,ENTID_14267553,HP,ENTID_12579949,1,Sales Brand Key Dr.,708127,LJ500031,EBG,420004,アトピー性皮膚炎,EBG1,ENTID_12579949,ENTID_130306401,ENTID_14267553,ENTID_132467912,Retail,1,1,ENTID_130306401,ENTID_132467912
11/01/2025,8,IM,JP65767,1471,26112,WJ00776,ENTID_13564718,GP,ENTID_12581056,1,Sales Brand Key Dr.,708127,LJ500031,EBG,420004,アトピー性皮膚炎,EBG3,ENTID_12581056,ENTID_130307908,ENTID_13564718,ENTID_131571910,Retail,0,2,ENTID_130307908,ENTID_131571910
11/01/2025,8,IM,JP66298,1549,2174221,C174221,ENTID_13616932,HP,ENTID_12581376,1,Sales Brand Key Dr.,708127,LJ500031,EBG,420004,アトピー性皮膚炎,EBG3,ENTID_12581376,ENTID_130307070,ENTID_13616932,ENTID_131644002,Retail,0,3,ENTID_130307070,ENTID_131644002
11/01/2025,8,IM,JP65864,1571,2182707,C182707,ENTID_13761209,GP,ENTID_12708113,1,Sales Brand Key Dr.,708127,LJ500031,EBG,420004,アトピー性皮膚炎,EBG3,ENTID_12708113,ENTID_130434849,ENTID_13761209,ENTID_131815425,Retail,1,3,ENTID_130434849,ENTID_131815425
11/01/2025,8,IM,JP65864,1571,2182707,C182707,ENTID_13761209,GP,ENTID_12469968,1,Sales Brand Key Dr.,708127,LJ500031,EBG,420004,アトピー性皮膚炎,EBG3,ENTID_12469968,ENTID_130197471,ENTID_13761209,ENTID_131815425,Retail,1,2,ENTID_130197471,ENTID_131815425
11/01/2025,8,IM,JP66304,1779,3016579,L016579,ENTID_14304422,GP,ENTID_12724784,1,Sales Brand Key Dr.,708127,LJ500031,EBG,420004,アトピー性皮膚炎,EBG3,ENTID_12724784,ENTID_130450945,ENTID_14304422,ENTID_132513810,Retail,0,3,ENTID_130450945,ENTID_132513810
